make,model,year,mileage,condition,fuel_type,transmission,body_type,accident_history,owners,price
Toyota,Highlander,2018,75640,fair,hybrid,automatic,suv,0,3,3863331.79
Chevrolet,Bolt,2014,123026,poor,electric,automatic,hatchback,0,1,1216875.65
Toyota,RAV4,2023,15929,fair,gasoline,automatic,suv,0,3,5529951.29
Chevrolet,Equinox,2014,119918,excellent,gasoline,automatic,suv,0,1,2385368.48
Chevrolet,Malibu,2014,54427,good,gasoline,automatic,sedan,0,3,2056954.9
BMW,i4,2013,215103,fair,electric,automatic,sedan,1,3,1318783.62
BMW,X5,2010,236301,good,gasoline,automatic,suv,0,2,1766239.25
BMW,X3,2018,92788,good,diesel,automatic,suv,0,1,5358032.02
Toyota,Corolla,2022,18573,good,gasoline,automatic,sedan,0,3,4110348.51
Ford,Escape,2005,78378,fair,gasoline,automatic,suv,1,2,763554.77
Honda,Accord,2010,114653,good,hybrid,manual,sedan,0,2,1238644.14
Hyundai,Santa Fe,2025,12446,fair,gasoline,manual,suv,0,2,6596634.03
Hyundai,Sonata,2021,60710,fair,gasoline,automatic,sedan,0,2,2970092.64
Honda,Pilot,2013,190002,good,gasoline,manual,suv,0,1,1340342.52
Nissan,Rogue,2014,95487,excellent,gasoline,automatic,suv,1,2,2373277.86
Tesla,Model Y,2024,13725,good,electric,automatic,suv,0,2,13162294.38
Ford,F-150,2012,213159,excellent,gasoline,automatic,truck,0,2,1959207.58
Nissan,Leaf,2021,36511,poor,electric,automatic,hatchback,1,2,2731403.4
Ford,Explorer,2014,186889,poor,gasoline,automatic,suv,0,1,1064412.83
Ford,Escape,2014,218047,fair,gasoline,automatic,suv,0,1,1010208.66
Ford,Mustang,2013,110804,fair,gasoline,automatic,coupe,1,3,1384568.8
Toyota,Highlander,2008,146545,fair,gasoline,automatic,suv,0,2,1089890.77
Nissan,Altima,2008,104366,fair,gasoline,automatic,sedan,0,3,874059.15
Honda,Civic,2020,92338,excellent,gasoline,automatic,sedan,0,4,2854715.58
Nissan,Leaf,2015,31142,fair,electric,automatic,hatchback,1,1,2390088.68
Tesla,Model 3,2017,51591,fair,electric,automatic,sedan,1,1,3291493.87
Ford,Mustang,2014,71337,good,gasoline,automatic,coupe,0,1,3161040.02
Tesla,Model X,2023,22786,good,electric,automatic,suv,0,3,25520107.14
Nissan,Altima,2014,140982,fair,gasoline,automatic,sedan,0,1,1110727.28
Honda,CR-V,2005,280667,excellent,hybrid,automatic,suv,0,1,780033.78
Nissan,Rogue,2020,102341,excellent,gasoline,automatic,suv,0,1,4119863.77
Chevrolet,Malibu,2012,239572,excellent,diesel,automatic,sedan,0,4,769896.24
Ford,Explorer,2017,135261,fair,gasoline,automatic,suv,0,2,2598424.33
Hyundai,Santa Fe,2018,50099,excellent,gasoline,automatic,suv,0,1,5298039.71
BMW,5 Series,2008,235361,poor,gasoline,automatic,sedan,0,2,805398.17
Ford,Focus,2016,147663,good,gasoline,automatic,hatchback,0,1,1338060.68
Hyundai,Elantra,2018,113534,poor,gasoline,automatic,sedan,0,3,1097790.95
Toyota,Camry,2010,221504,excellent,gasoline,automatic,sedan,0,2,793976.61
Nissan,Pathfinder,2015,110499,poor,hybrid,manual,suv,1,2,1479175.01
Tesla,Model X,2021,32029,good,electric,automatic,suv,0,1,18148427.88
Tesla,Model Y,2011,75505,poor,electric,automatic,suv,0,2,2091016.65
Honda,Fit,2024,21786,good,gasoline,automatic,hatchback,0,1,4798823.65
Nissan,Pathfinder,2007,78875,fair,hybrid,automatic,suv,0,1,1474547.41
Tesla,Model Y,2014,28731,poor,electric,automatic,suv,1,5,2294109.44
Hyundai,Sonata,2021,77295,poor,gasoline,manual,sedan,1,1,1655851.32
Toyota,Prius,2021,76250,poor,hybrid,automatic,hatchback,1,1,2113488.95
Chevrolet,Traverse,2025,22528,fair,hybrid,automatic,suv,0,3,8902554.7
Honda,Fit,2022,36897,good,gasoline,automatic,hatchback,0,3,2953515.32
Chevrolet,Traverse,2006,101885,fair,gasoline,manual,suv,0,1,1106053.0
Ford,Focus,2019,61473,excellent,gasoline,automatic,hatchback,0,2,2787241.32
BMW,3 Series,2010,278506,good,gasoline,automatic,sedan,0,1,1326919.6
Ford,F-150,2007,334978,good,gasoline,automatic,truck,0,1,1036897.76
Chevrolet,Equinox,2024,27636,excellent,gasoline,automatic,suv,0,2,7710450.58
Ford,Focus,2018,96371,good,gasoline,automatic,hatchback,0,1,2023910.44
Chevrolet,Traverse,2016,162846,good,gasoline,automatic,suv,0,2,2289921.4
Nissan,Altima,2006,324655,excellent,gasoline,automatic,sedan,0,1,503550.52
Hyundai,Ioniq 5,2013,109101,good,electric,automatic,sedan,0,5,2589878.14
Honda,CR-V,2011,220436,fair,gasoline,manual,suv,0,2,782442.83
Hyundai,Elantra,2013,207302,good,gasoline,automatic,sedan,0,1,785836.91
Nissan,Altima,2014,119854,excellent,gasoline,manual,sedan,0,2,1772630.42
Hyundai,Tucson,2005,72395,fair,gasoline,automatic,suv,0,1,983547.74
Honda,Pilot,2016,163687,fair,gasoline,automatic,suv,0,4,1679085.17
Toyota,Prius,2013,101500,good,hybrid,manual,hatchback,0,4,1510957.89
BMW,5 Series,2008,41158,good,hybrid,automatic,sedan,0,2,3269521.44
BMW,5 Series,2008,242670,poor,gasoline,automatic,sedan,0,4,682721.03
Hyundai,Tucson,2023,10470,fair,gasoline,automatic,suv,0,5,5103690.05
Chevrolet,Traverse,2025,19095,excellent,hybrid,automatic,suv,0,5,10566241.88
Ford,Escape,2025,9162,fair,hybrid,automatic,suv,0,4,6881688.69
Honda,Civic,2006,166885,excellent,gasoline,automatic,sedan,0,3,602061.93
Toyota,Prius,2009,66685,fair,hybrid,manual,hatchback,0,2,1186886.08
Chevrolet,Silverado,2019,119194,good,gasoline,automatic,truck,0,2,4824015.4
Hyundai,Elantra,2010,179796,good,hybrid,automatic,sedan,0,5,600741.87
Chevrolet,Silverado,2016,42844,poor,gasoline,automatic,truck,0,2,3378007.4
Tesla,Model 3,2012,46989,good,electric,automatic,sedan,0,1,3544211.27
Nissan,Leaf,2025,18055,good,electric,automatic,hatchback,0,1,8235137.53
Tesla,Model Y,2016,183368,good,electric,automatic,suv,0,1,2973289.11
Honda,Civic,2012,223858,good,gasoline,automatic,sedan,0,2,725147.73
Ford,Focus,2008,89799,excellent,gasoline,automatic,hatchback,0,1,868420.91
Hyundai,Elantra,2011,40264,excellent,gasoline,automatic,wagon,1,1,1450114.3
Honda,Fit,2019,65972,good,gasoline,manual,hatchback,1,3,1490311.97
Toyota,RAV4,2010,157545,good,gasoline,automatic,suv,0,1,1118583.98
Ford,Explorer,2019,53157,good,diesel,automatic,suv,0,1,6553380.53
Ford,F-150,2005,350000,good,hybrid,manual,truck,0,1,985814.96
Toyota,Corolla,2017,123786,excellent,gasoline,automatic,sedan,0,1,2062824.48
Tesla,Model Y,2025,18929,good,electric,automatic,suv,0,3,14257848.26
Nissan,Sentra,2009,177494,good,hybrid,manual,sedan,1,1,432411.69
Chevrolet,Traverse,2011,213862,fair,gasoline,automatic,suv,0,1,987025.29
Ford,F-150,2025,6271,excellent,gasoline,automatic,truck,0,3,14057847.67
Honda,Pilot,2008,120432,good,gasoline,automatic,suv,1,2,1344415.97
Toyota,Prius,2023,48301,good,hybrid,automatic,hatchback,0,2,5825809.5
Chevrolet,Silverado,2010,231884,good,diesel,automatic,truck,0,1,1447778.63
Nissan,Pathfinder,2023,40714,fair,gasoline,automatic,suv,0,3,6389641.65
Honda,Accord,2012,140263,fair,gasoline,automatic,sedan,0,2,984526.85
Hyundai,Santa Fe,2023,46497,fair,hybrid,automatic,suv,0,1,7478761.37
Nissan,Sentra,2021,74995,good,gasoline,automatic,sedan,0,4,2594630.46
Nissan,Altima,2009,128953,good,gasoline,automatic,sedan,0,1,958998.22
BMW,X5,2017,147614,good,gasoline,automatic,suv,0,1,4511731.7
Ford,F-150,2025,11135,good,hybrid,automatic,truck,0,3,13467684.85
Chevrolet,Bolt,2007,342218,poor,electric,automatic,hatchback,1,1,333600.0
Nissan,Rogue,2007,292963,good,gasoline,automatic,suv,1,3,477338.55
Tesla,Model S,2020,47199,good,electric,automatic,sedan,0,4,13841121.6
Ford,Escape,2023,41684,good,gasoline,automatic,suv,0,1,6820090.23
Honda,Fit,2017,149913,good,gasoline,automatic,hatchback,0,3,1068880.34
Ford,Escape,2015,75589,good,gasoline,automatic,suv,1,4,2023526.49
Chevrolet,Bolt,2008,86086,good,electric,automatic,hatchback,1,1,1206146.44
Tesla,Model 3,2011,254555,good,electric,automatic,sedan,0,5,1162499.28
Chevrolet,Traverse,2012,139713,poor,diesel,automatic,suv,0,2,1212577.49
Honda,Pilot,2021,77880,poor,gasoline,manual,suv,0,1,3415733.13
BMW,X3,2021,23792,fair,gasoline,automatic,suv,0,2,7284258.4
Honda,Pilot,2017,32267,poor,gasoline,automatic,suv,0,1,3081088.43
Ford,Explorer,2020,86180,good,gasoline,automatic,suv,0,2,5374226.53
Nissan,Leaf,2016,49678,good,electric,automatic,hatchback,0,2,2994699.59
Hyundai,Tucson,2014,110548,excellent,gasoline,automatic,suv,1,1,2123380.94
Honda,Civic,2021,92060,good,gasoline,automatic,sedan,0,2,3150269.58
Hyundai,Sonata,2025,15040,poor,gasoline,automatic,sedan,0,1,4139318.96
Hyundai,Tucson,2005,226367,fair,gasoline,automatic,suv,0,1,514904.05
Hyundai,Tucson,2014,151883,good,gasoline,automatic,suv,0,2,1632998.87
Ford,Escape,2021,22259,good,gasoline,automatic,suv,0,2,5445555.59
Ford,Escape,2018,122773,excellent,hybrid,automatic,suv,0,3,3089427.12
Chevrolet,Traverse,2021,59315,good,gasoline,automatic,suv,0,2,5798675.07
Ford,Explorer,2018,32419,fair,gasoline,automatic,suv,1,3,3652665.5
Honda,Civic,2013,135743,good,gasoline,automatic,sedan,0,1,1339465.2
Toyota,Prius,2011,108770,good,hybrid,manual,hatchback,0,1,1477707.44
BMW,X5,2022,72557,good,gasoline,automatic,suv,0,3,10309144.51
Tesla,Model X,2024,9681,good,electric,automatic,suv,1,1,20273040.71
Honda,Fit,2021,18183,fair,gasoline,automatic,hatchback,0,3,2392175.8
BMW,i4,2005,76551,fair,electric,automatic,sedan,0,3,1947402.69
BMW,5 Series,2012,121943,good,gasoline,manual,sedan,1,3,1998741.86
Hyundai,Ioniq 5,2022,24681,good,electric,automatic,sedan,0,3,8073218.87
Hyundai,Santa Fe,2009,167938,good,gasoline,automatic,suv,0,2,1094030.96
Tesla,Model 3,2024,26224,good,electric,automatic,sedan,0,2,10475908.69
BMW,X5,2010,70031,good,gasoline,manual,suv,1,1,2897260.8
Chevrolet,Traverse,2021,30473,good,gasoline,manual,suv,0,2,5767822.31
Nissan,Sentra,2019,18729,excellent,gasoline,automatic,sedan,0,1,3527063.63
Honda,Civic,2016,79908,good,gasoline,automatic,sedan,1,1,1526518.52
Ford,Focus,2007,105353,fair,gasoline,automatic,hatchback,1,1,508517.49
BMW,i4,2006,231906,excellent,electric,automatic,sedan,0,5,1124275.27
Chevrolet,Bolt,2013,195986,excellent,electric,automatic,hatchback,0,1,1383908.79
Toyota,RAV4,2017,74975,good,gasoline,automatic,suv,0,1,3748217.04
BMW,i4,2016,85084,fair,electric,automatic,sedan,0,1,5149917.95
Ford,F-150,2015,157006,good,gasoline,automatic,truck,0,4,2538061.05
BMW,3 Series,2019,125559,poor,gasoline,automatic,wagon,1,2,1862556.81
Toyota,Camry,2012,195738,good,diesel,automatic,sedan,0,1,962253.61
Chevrolet,Malibu,2010,205316,fair,gasoline,automatic,sedan,0,1,530187.88
Nissan,Leaf,2017,72857,fair,electric,automatic,hatchback,0,5,2039082.4
Toyota,Prius,2013,223426,good,hybrid,manual,hatchback,0,3,868666.34
Hyundai,Sonata,2020,96462,good,gasoline,automatic,sedan,0,2,3045915.55
Toyota,RAV4,2014,212690,good,gasoline,automatic,suv,1,4,889280.98
Honda,Fit,2013,230631,fair,gasoline,automatic,hatchback,0,1,495309.85
Toyota,Corolla,2025,17325,excellent,gasoline,automatic,wagon,0,3,6062691.56
Toyota,Prius,2024,14761,poor,hybrid,automatic,hatchback,0,1,4577228.83
Tesla,Model 3,2025,9105,good,electric,automatic,sedan,1,3,9439966.43
Tesla,Model X,2007,339618,poor,electric,automatic,suv,0,2,1400365.84
Chevrolet,Bolt,2023,24118,fair,electric,automatic,hatchback,0,1,5185557.79
Honda,Accord,2007,71074,fair,gasoline,automatic,wagon,1,1,880906.63
Toyota,Prius,2009,142438,poor,hybrid,automatic,hatchback,0,1,651573.79
Nissan,Altima,2008,93366,poor,gasoline,automatic,sedan,0,3,713067.92
Tesla,Model 3,2012,53840,good,electric,automatic,sedan,0,3,3157481.84
BMW,3 Series,2017,65663,fair,gasoline,automatic,sedan,0,1,3670373.22
Hyundai,Tucson,2015,119623,good,gasoline,automatic,suv,0,1,2360819.11
Hyundai,Tucson,2010,96109,excellent,gasoline,automatic,suv,0,1,1995934.59
Hyundai,Santa Fe,2018,117942,good,gasoline,automatic,suv,0,2,3514991.58
Nissan,Leaf,2019,60330,fair,electric,automatic,hatchback,0,2,2883663.01
BMW,X3,2020,46613,good,gasoline,automatic,suv,0,1,7329632.64
Chevrolet,Malibu,2010,85753,good,gasoline,automatic,sedan,0,2,1351332.03
Ford,Escape,2010,98034,excellent,gasoline,manual,suv,0,3,1450219.11
Toyota,Prius,2009,159421,good,hybrid,automatic,hatchback,1,2,724385.73
Chevrolet,Traverse,2010,270942,good,gasoline,automatic,suv,0,1,992020.07
Tesla,Model X,2006,340519,fair,electric,automatic,suv,0,2,1662313.18
BMW,i4,2024,26467,good,electric,automatic,wagon,0,2,13721013.88
BMW,X3,2021,59310,excellent,gasoline,automatic,suv,0,3,8307852.76
Chevrolet,Malibu,2011,63978,good,gasoline,automatic,sedan,0,1,1509861.6
Hyundai,Elantra,2018,143628,fair,gasoline,automatic,sedan,0,4,1233812.52
BMW,5 Series,2019,132424,good,gasoline,automatic,sedan,0,1,5015052.22
Tesla,Model X,2017,78380,good,electric,automatic,suv,0,5,9441017.1
Chevrolet,Equinox,2009,282271,fair,hybrid,automatic,suv,0,1,749879.17
Honda,Civic,2016,89082,fair,gasoline,automatic,sedan,0,4,1681184.63
BMW,i4,2020,26382,excellent,electric,automatic,sedan,0,2,11215754.4
Honda,Pilot,2009,285167,good,gasoline,automatic,suv,0,1,1286778.58
Chevrolet,Silverado,2022,51641,excellent,gasoline,automatic,truck,0,4,9681639.87
Honda,Fit,2006,117024,fair,gasoline,automatic,hatchback,1,3,370423.6
Toyota,Camry,2020,109147,fair,gasoline,automatic,sedan,0,1,2278999.52
Ford,Focus,2019,74629,good,gasoline,automatic,hatchback,0,2,2269349.04
Tesla,Model X,2008,139399,poor,electric,automatic,suv,0,5,1811000.88
Ford,Mustang,2018,77224,excellent,gasoline,automatic,coupe,0,1,4374336.93
Nissan,Rogue,2023,45847,fair,gasoline,automatic,suv,0,1,4882316.54
Nissan,Pathfinder,2011,170083,excellent,gasoline,manual,suv,0,4,1278025.41
BMW,5 Series,2020,65786,fair,gasoline,automatic,sedan,0,1,5737751.53
BMW,3 Series,2012,246244,fair,gasoline,automatic,sedan,0,1,1139495.5
Hyundai,Ioniq 5,2022,14516,good,electric,automatic,sedan,0,4,8428803.17
Chevrolet,Malibu,2011,81885,excellent,hybrid,automatic,wagon,1,3,1226166.08
Toyota,Camry,2021,18027,fair,gasoline,automatic,sedan,0,2,3839578.22
BMW,X5,2021,34230,good,gasoline,automatic,suv,0,1,12143395.51
Honda,Accord,2011,212362,fair,gasoline,automatic,sedan,0,2,740258.58
Honda,Pilot,2024,10941,fair,diesel,automatic,suv,0,1,9708150.47
Hyundai,Sonata,2014,189783,good,gasoline,automatic,sedan,0,2,975353.38
Nissan,Rogue,2025,15594,fair,hybrid,automatic,suv,0,4,6920152.01
Tesla,Model S,2014,217565,good,electric,automatic,sedan,1,1,2855571.7
Ford,Mustang,2016,143025,good,gasoline,automatic,coupe,0,1,2496599.26
Toyota,Corolla,2013,92306,good,gasoline,automatic,sedan,0,1,1619218.4
Ford,Escape,2019,48545,poor,gasoline,automatic,suv,0,4,2532039.53
Tesla,Model Y,2016,133562,good,electric,automatic,suv,0,5,3327377.06
Tesla,Model X,2025,6607,good,electric,automatic,suv,0,2,28113728.67
Ford,Mustang,2020,92206,good,gasoline,automatic,coupe,0,1,4759295.66
Nissan,Rogue,2008,49892,excellent,gasoline,manual,suv,1,2,1376054.11
Ford,F-150,2022,15807,good,gasoline,manual,truck,0,3,8905872.89
Tesla,Model 3,2017,150855,excellent,electric,automatic,sedan,0,2,3175889.05
Tesla,Model X,2015,122874,good,electric,automatic,suv,0,1,8216765.34
BMW,X5,2012,34733,fair,gasoline,automatic,suv,0,1,4389310.03
BMW,X5,2017,120017,excellent,gasoline,automatic,suv,1,3,4389487.79
BMW,5 Series,2017,156117,poor,diesel,automatic,sedan,0,5,2018019.22
Toyota,Highlander,2006,68138,good,gasoline,automatic,suv,1,2,1270307.2
Hyundai,Santa Fe,2008,284684,good,gasoline,automatic,suv,0,1,793498.51
BMW,X5,2014,145408,fair,gasoline,automatic,suv,0,1,2962986.13
BMW,i4,2007,117154,poor,electric,automatic,sedan,0,1,1334765.93
Hyundai,Tucson,2014,174882,good,gasoline,automatic,suv,0,1,1345058.32
Ford,Mustang,2008,72196,good,gasoline,automatic,coupe,1,1,1489758.35
Nissan,Sentra,2014,159794,good,diesel,automatic,sedan,0,1,1121555.48
BMW,5 Series,2012,132845,fair,gasoline,automatic,wagon,0,1,2118223.12
BMW,X5,2007,73788,poor,hybrid,automatic,suv,0,1,2142796.92
Tesla,Model S,2010,277720,excellent,electric,automatic,sedan,1,1,2406001.54
Nissan,Altima,2005,71765,fair,gasoline,automatic,sedan,1,1,710268.95
Nissan,Sentra,2021,50691,good,gasoline,automatic,sedan,0,3,2849300.0
Toyota,Camry,2010,144699,good,gasoline,automatic,sedan,1,1,871536.42
Hyundai,Santa Fe,2014,62867,good,gasoline,automatic,suv,0,1,3080080.53
Hyundai,Elantra,2017,57987,fair,diesel,automatic,sedan,0,2,2058031.94
Ford,Explorer,2024,35790,fair,gasoline,automatic,suv,1,2,6011357.48
Tesla,Model X,2008,170324,excellent,electric,automatic,suv,0,1,3125283.06
Chevrolet,Equinox,2012,95944,good,gasoline,automatic,suv,0,1,2027087.84
Toyota,Highlander,2005,119531,fair,gasoline,automatic,suv,0,1,1092469.83
Toyota,Highlander,2020,96879,good,gasoline,automatic,suv,0,1,5590193.71
Nissan,Rogue,2021,13646,fair,hybrid,automatic,suv,0,2,4863432.86
Ford,F-150,2020,46314,excellent,gasoline,automatic,truck,0,3,7963895.23
BMW,i4,2023,53411,good,electric,automatic,sedan,0,2,11573083.43
Chevrolet,Equinox,2017,103877,fair,gasoline,automatic,suv,0,3,2104900.0
BMW,i4,2016,110689,fair,electric,automatic,sedan,0,1,4186567.49
BMW,X5,2010,49751,fair,hybrid,automatic,suv,0,2,3594796.02
Tesla,Model Y,2024,19515,good,electric,automatic,suv,0,2,12783946.19
BMW,3 Series,2019,31434,good,gasoline,automatic,sedan,1,4,4138218.5
Nissan,Sentra,2011,111126,good,gasoline,automatic,sedan,0,1,1160812.09
Toyota,Highlander,2007,145763,excellent,gasoline,automatic,suv,1,1,1272699.39
Hyundai,Ioniq 5,2016,97154,excellent,electric,automatic,sedan,0,1,4663335.81
Ford,Mustang,2011,125105,good,gasoline,automatic,coupe,0,2,1742454.17
Ford,Explorer,2021,38599,good,gasoline,automatic,suv,1,2,5644808.03
Hyundai,Santa Fe,2005,213209,fair,gasoline,automatic,suv,0,3,521323.89
Hyundai,Elantra,2016,135160,fair,gasoline,automatic,sedan,0,1,1185719.07
BMW,i4,2019,100255,good,electric,automatic,sedan,0,1,6971032.48
Honda,Pilot,2005,72292,excellent,hybrid,automatic,suv,0,3,1934834.79
Honda,CR-V,2023,27673,good,gasoline,automatic,suv,0,1,7538831.72
Ford,F-150,2008,258326,good,gasoline,automatic,truck,0,1,1108763.15
Toyota,RAV4,2020,22047,poor,gasoline,automatic,suv,0,2,3349354.25
Ford,Escape,2022,28756,good,gasoline,automatic,suv,0,1,6394762.04
Hyundai,Elantra,2015,157693,fair,hybrid,automatic,sedan,1,1,815961.98
Ford,Focus,2022,56913,good,gasoline,automatic,hatchback,0,5,2842761.37
Tesla,Model X,2024,7978,fair,electric,automatic,suv,0,1,22996197.71
BMW,3 Series,2012,110529,good,gasoline,automatic,sedan,1,3,1930155.95
Tesla,Model 3,2014,164949,good,electric,automatic,wagon,1,3,1768302.91
Chevrolet,Equinox,2005,160691,excellent,gasoline,automatic,suv,1,2,582829.17
Nissan,Sentra,2013,69434,good,gasoline,automatic,sedan,0,1,1641085.1
Toyota,Highlander,2011,242068,poor,gasoline,automatic,suv,0,2,813889.97
BMW,5 Series,2025,11537,poor,gasoline,automatic,sedan,0,2,9133067.11
Toyota,Camry,2019,113798,fair,gasoline,automatic,sedan,0,4,1754235.2
Honda,Pilot,2013,122294,poor,gasoline,automatic,suv,0,2,1468112.71
Chevrolet,Silverado,2013,207567,good,gasoline,automatic,truck,0,2,1817985.16
Toyota,Highlander,2021,18931,good,gasoline,manual,suv,0,1,6544917.23
Ford,Explorer,2022,37063,good,gasoline,automatic,suv,0,2,8815223.31
Ford,F-150,2021,24446,good,gasoline,automatic,truck,1,1,6727272.82
Honda,Fit,2013,206146,fair,hybrid,automatic,hatchback,0,1,585387.5
Nissan,Leaf,2024,37466,good,electric,automatic,hatchback,0,2,6388647.07
Tesla,Model S,2019,108130,fair,electric,automatic,wagon,0,4,6547426.59
Chevrolet,Traverse,2023,33663,excellent,hybrid,automatic,suv,0,1,9453328.61
BMW,i4,2016,180891,excellent,electric,automatic,sedan,0,4,2897412.8
Nissan,Leaf,2006,336359,fair,electric,automatic,hatchback,0,2,462137.07
Chevrolet,Malibu,2025,21232,fair,diesel,automatic,sedan,0,1,5579009.89
Toyota,Prius,2014,62116,good,hybrid,automatic,hatchback,0,2,2051514.75
Ford,Escape,2010,178022,excellent,gasoline,manual,suv,0,2,1053330.14
Honda,CR-V,2019,84225,excellent,hybrid,automatic,suv,0,1,4823880.18
BMW,X5,2020,64274,good,gasoline,automatic,suv,1,4,6456619.94
Ford,Explorer,2012,50954,excellent,gasoline,automatic,suv,0,1,3865763.34
Honda,Pilot,2023,48669,excellent,gasoline,manual,suv,0,4,7864824.51
BMW,X3,2022,54891,fair,hybrid,automatic,suv,0,1,8532722.24
BMW,3 Series,2012,102881,fair,gasoline,automatic,sedan,0,3,2116384.57
Nissan,Leaf,2012,231821,good,electric,automatic,hatchback,0,1,1015993.5
Nissan,Sentra,2012,43678,good,hybrid,automatic,sedan,0,2,1636606.89
Honda,CR-V,2017,50127,good,gasoline,automatic,suv,0,1,4089240.63
Chevrolet,Equinox,2020,106937,fair,gasoline,automatic,suv,0,2,2710386.41
Nissan,Leaf,2009,144542,excellent,electric,automatic,hatchback,0,1,1266537.16
Tesla,Model S,2010,82828,fair,electric,automatic,wagon,0,2,4173927.02
Tesla,Model Y,2010,138030,good,electric,automatic,suv,0,3,2425785.08
BMW,3 Series,2012,180956,fair,gasoline,automatic,sedan,0,2,1199917.84
BMW,X3,2008,312313,fair,gasoline,automatic,suv,0,1,994709.54
BMW,i4,2023,52379,good,electric,automatic,sedan,0,2,11381854.0
Ford,Escape,2012,70631,poor,gasoline,automatic,suv,0,1,1382422.16
Hyundai,Tucson,2025,8563,good,gasoline,automatic,suv,0,1,8132661.65
Chevrolet,Traverse,2011,64067,fair,hybrid,automatic,suv,0,1,2305789.94
BMW,X3,2014,178932,good,gasoline,manual,suv,0,1,2055141.26
Chevrolet,Equinox,2014,175703,good,diesel,automatic,suv,0,3,1248755.67
Honda,CR-V,2023,31856,fair,gasoline,automatic,suv,0,4,5488280.96
Tesla,Model Y,2005,71069,good,electric,automatic,suv,0,5,1909351.77
Nissan,Sentra,2021,34604,excellent,gasoline,automatic,sedan,0,1,4357312.41
Chevrolet,Malibu,2006,245844,good,gasoline,automatic,sedan,0,3,413481.79
Ford,Focus,2020,41399,fair,gasoline,automatic,hatchback,0,3,2584350.02
Toyota,RAV4,2017,30429,excellent,gasoline,automatic,suv,0,1,4729353.79
Tesla,Model 3,2023,21526,excellent,electric,automatic,sedan,0,2,10104844.67
Toyota,Prius,2020,45023,excellent,hybrid,automatic,hatchback,0,2,4935922.34
Hyundai,Sonata,2009,266413,fair,gasoline,automatic,sedan,0,2,508435.31
BMW,5 Series,2015,92307,fair,gasoline,automatic,sedan,0,1,3815871.06
Toyota,Camry,2021,70526,good,gasoline,automatic,sedan,0,2,4086174.31
Honda,Pilot,2005,203685,good,gasoline,automatic,suv,1,1,575963.05
BMW,5 Series,2024,11471,good,diesel,automatic,sedan,0,1,14101090.4
Ford,Focus,2016,21148,excellent,gasoline,automatic,hatchback,0,1,2722442.56
Honda,Accord,2007,253961,excellent,gasoline,automatic,sedan,1,5,451880.17
Chevrolet,Traverse,2016,88204,poor,gasoline,automatic,suv,0,4,2017795.34
BMW,X3,2024,21128,fair,gasoline,automatic,suv,0,1,11234182.99
Ford,Explorer,2023,9876,poor,hybrid,automatic,suv,0,1,6199659.58
Hyundai,Sonata,2019,64821,good,gasoline,automatic,sedan,0,2,2853665.26
Hyundai,Sonata,2019,30932,excellent,gasoline,automatic,sedan,0,1,4552715.28
Honda,CR-V,2021,19341,fair,gasoline,automatic,suv,0,2,4765166.53
Hyundai,Elantra,2016,24480,poor,gasoline,manual,sedan,0,2,1501403.22
Honda,Fit,2010,77262,good,gasoline,automatic,hatchback,0,2,905976.54
Honda,Pilot,2019,95263,fair,gasoline,manual,suv,0,1,3453912.56
Hyundai,Tucson,2006,350000,excellent,gasoline,automatic,suv,0,2,701191.13
Toyota,RAV4,2022,50986,poor,hybrid,automatic,suv,0,1,3642481.47
Honda,Civic,2006,173115,good,hybrid,manual,sedan,0,3,508649.65
BMW,X5,2016,71580,poor,hybrid,automatic,suv,0,1,3822220.61
Hyundai,Tucson,2014,50201,good,gasoline,automatic,suv,0,1,3029932.32
BMW,3 Series,2012,87929,poor,gasoline,manual,sedan,0,1,1549383.37
Honda,Pilot,2021,49174,fair,gasoline,automatic,suv,0,1,5778019.1
BMW,3 Series,2022,49704,good,gasoline,automatic,sedan,0,2,7755334.28
Chevrolet,Malibu,2010,81190,good,gasoline,automatic,sedan,0,1,1524450.58
Toyota,Prius,2016,136532,fair,hybrid,automatic,hatchback,0,2,1526845.19
Chevrolet,Equinox,2009,96060,fair,gasoline,automatic,suv,0,2,1282397.54
Chevrolet,Bolt,2013,209318,fair,electric,automatic,hatchback,0,1,898073.31
Nissan,Sentra,2013,156787,excellent,gasoline,automatic,sedan,0,2,982664.15
Hyundai,Santa Fe,2014,60032,good,gasoline,automatic,suv,0,2,2997520.8
Nissan,Pathfinder,2019,107010,good,gasoline,automatic,suv,0,1,4108723.58
Ford,Focus,2010,69986,poor,gasoline,manual,hatchback,1,2,501018.84
Hyundai,Tucson,2022,44458,fair,gasoline,automatic,suv,0,1,5219742.87
BMW,X5,2005,289520,fair,diesel,automatic,suv,0,1,1041062.02
Hyundai,Tucson,2011,41646,excellent,gasoline,automatic,suv,0,1,2842660.52
Toyota,Highlander,2006,262853,good,hybrid,automatic,suv,0,2,961861.45
Toyota,RAV4,2025,15071,excellent,gasoline,manual,suv,0,4,8080664.03
Chevrolet,Silverado,2022,19329,excellent,gasoline,automatic,truck,0,1,11772699.74
Toyota,Corolla,2016,103439,fair,gasoline,manual,sedan,0,3,1362986.73
Chevrolet,Bolt,2020,78540,good,electric,automatic,hatchback,1,1,3130757.49
Nissan,Pathfinder,2012,72628,fair,gasoline,automatic,suv,0,1,2394602.92
Toyota,Corolla,2022,29861,fair,gasoline,automatic,sedan,0,2,3403218.38
Chevrolet,Malibu,2014,70580,good,hybrid,automatic,sedan,0,1,2336029.72
Hyundai,Sonata,2018,138545,poor,gasoline,automatic,sedan,0,3,1236353.13
Tesla,Model 3,2025,14613,good,electric,automatic,wagon,0,1,11332693.15
Ford,Focus,2009,45714,fair,hybrid,automatic,hatchback,0,1,998125.63
Toyota,Prius,2021,45177,excellent,hybrid,automatic,hatchback,0,2,5403228.85
Tesla,Model S,2016,152596,good,electric,automatic,sedan,0,1,5945602.46
BMW,3 Series,2006,92745,fair,gasoline,manual,sedan,0,2,1287936.72
Tesla,Model Y,2009,166527,fair,electric,automatic,suv,0,1,1440436.2
Nissan,Rogue,2011,139087,poor,diesel,manual,suv,1,2,615047.06
Toyota,Prius,2021,89196,good,hybrid,automatic,hatchback,1,2,3111028.34
Tesla,Model 3,2006,295789,excellent,electric,automatic,sedan,0,2,1028091.09
Nissan,Rogue,2006,318699,good,gasoline,manual,suv,0,1,563486.55
Tesla,Model Y,2016,117095,good,electric,automatic,suv,0,3,4227160.6
Honda,Civic,2019,73938,fair,gasoline,automatic,wagon,1,1,1939683.45
Hyundai,Sonata,2015,77573,good,gasoline,automatic,sedan,0,2,1993375.76
Honda,Accord,2019,55686,fair,gasoline,automatic,wagon,0,1,2943479.41
Hyundai,Santa Fe,2013,153312,poor,gasoline,automatic,suv,0,4,1010434.35
Tesla,Model 3,2016,137352,poor,electric,automatic,sedan,1,2,1551804.27
Tesla,Model S,2005,130957,poor,electric,automatic,sedan,0,2,1666994.31
Tesla,Model X,2014,128470,fair,electric,automatic,suv,0,1,5512402.15
Nissan,Pathfinder,2007,283088,excellent,diesel,automatic,suv,0,2,969657.08
Hyundai,Elantra,2006,314346,good,gasoline,automatic,sedan,1,3,333600.0
Chevrolet,Silverado,2022,59044,good,gasoline,manual,truck,0,1,8449771.94
BMW,3 Series,2017,106375,good,hybrid,automatic,sedan,0,2,4029329.13
Ford,Escape,2011,261708,fair,diesel,manual,suv,0,3,644627.74
Honda,Fit,2005,49498,good,diesel,automatic,hatchback,0,3,658929.21
Chevrolet,Equinox,2011,148432,poor,gasoline,automatic,suv,0,2,778905.82
Chevrolet,Bolt,2014,199912,good,electric,automatic,hatchback,0,3,1050242.49
Nissan,Rogue,2019,42292,fair,gasoline,automatic,suv,0,1,3319045.04
Tesla,Model S,2012,61495,fair,electric,automatic,sedan,0,1,6061086.54
Chevrolet,Equinox,2005,252475,fair,gasoline,automatic,suv,0,1,523808.2
Tesla,Model S,2007,340290,poor,electric,automatic,sedan,1,2,933528.52
Nissan,Rogue,2015,136272,excellent,gasoline,automatic,suv,1,1,1779109.83
Nissan,Rogue,2015,38399,good,gasoline,automatic,suv,0,2,3284638.6
Toyota,Corolla,2011,119040,good,gasoline,automatic,sedan,0,5,1036978.57
Honda,Fit,2014,194990,good,gasoline,automatic,hatchback,0,4,511245.93
Tesla,Model Y,2015,119527,good,electric,automatic,suv,0,5,3641323.73
Chevrolet,Bolt,2005,208770,good,electric,automatic,hatchback,1,1,433101.4
Chevrolet,Equinox,2011,176631,fair,gasoline,manual,suv,0,3,729928.85
Tesla,Model S,2013,223542,good,electric,automatic,sedan,0,3,2827882.91
Chevrolet,Equinox,2021,48264,excellent,gasoline,automatic,suv,0,1,5983582.91
Ford,F-150,2005,218293,poor,hybrid,automatic,truck,0,1,676796.96
Honda,Accord,2018,69812,good,gasoline,automatic,sedan,1,1,2329995.12
Tesla,Model S,2010,108866,fair,electric,automatic,sedan,0,2,3572576.51
BMW,3 Series,2008,95243,poor,gasoline,automatic,wagon,0,1,1218833.18
Tesla,Model S,2018,57108,fair,electric,automatic,wagon,0,1,9013683.36
Toyota,Corolla,2010,149001,good,gasoline,automatic,sedan,1,1,691678.55
Tesla,Model 3,2009,99147,fair,electric,automatic,sedan,0,1,1827817.13
Nissan,Leaf,2012,56658,good,electric,automatic,hatchback,0,1,2207075.99
Chevrolet,Bolt,2012,107529,good,electric,automatic,hatchback,0,1,1845432.75
Tesla,Model S,2015,39414,excellent,electric,automatic,sedan,0,1,11369207.56
Honda,Pilot,2018,34110,fair,gasoline,manual,suv,1,1,3482694.32
Tesla,Model 3,2010,144528,fair,electric,automatic,sedan,0,2,1392642.52
Nissan,Pathfinder,2020,96756,poor,gasoline,automatic,suv,0,3,3017432.97
Chevrolet,Silverado,2014,60882,good,gasoline,automatic,truck,0,4,3551419.79
Tesla,Model S,2007,272443,fair,electric,automatic,sedan,1,5,1057065.02
Nissan,Rogue,2020,110424,good,gasoline,automatic,suv,0,1,3490903.37
Honda,Accord,2023,54170,good,hybrid,automatic,sedan,0,2,4969141.7
Ford,Focus,2010,106497,poor,gasoline,automatic,hatchback,1,1,487434.56
BMW,X5,2022,42580,fair,gasoline,automatic,suv,0,3,9787658.06
Ford,Escape,2015,115569,excellent,gasoline,manual,suv,0,4,1959077.58
Ford,Focus,2019,119474,excellent,gasoline,automatic,hatchback,0,1,2123164.57
Nissan,Altima,2016,44244,fair,gasoline,automatic,wagon,0,1,2348531.22
Ford,F-150,2006,94003,good,gasoline,automatic,truck,1,2,1472162.53
Hyundai,Santa Fe,2014,86642,good,gasoline,automatic,suv,0,2,2730296.48
Tesla,Model 3,2016,138600,good,electric,automatic,sedan,0,2,3534836.64
Tesla,Model X,2013,147463,good,electric,automatic,suv,0,1,5275681.24
BMW,5 Series,2012,187777,fair,gasoline,automatic,sedan,0,1,1484385.05
Hyundai,Tucson,2013,133534,good,gasoline,automatic,suv,0,1,1880262.8
BMW,3 Series,2005,206379,fair,gasoline,automatic,sedan,0,2,626888.42
Toyota,Camry,2012,218433,excellent,hybrid,automatic,sedan,1,4,691597.52
Chevrolet,Silverado,2012,192890,fair,gasoline,manual,truck,0,3,1223759.32
Nissan,Rogue,2010,164243,fair,gasoline,automatic,suv,0,1,936944.38
Chevrolet,Malibu,2016,54204,fair,gasoline,automatic,sedan,0,3,1988894.32
Honda,Pilot,2022,22174,good,gasoline,automatic,suv,0,2,8757585.35
BMW,X5,2021,48354,fair,gasoline,automatic,suv,0,2,9131085.51
Honda,Civic,2007,74216,good,gasoline,manual,sedan,0,1,1005857.53
BMW,X3,2021,20334,good,gasoline,automatic,suv,0,1,8994089.95
Toyota,Prius,2023,49474,good,hybrid,automatic,hatchback,0,2,5912691.7
Toyota,RAV4,2009,304086,excellent,gasoline,automatic,suv,0,1,887804.3
Nissan,Sentra,2006,179443,excellent,gasoline,automatic,sedan,0,1,526937.62
Hyundai,Sonata,2024,10973,good,gasoline,automatic,sedan,0,1,6017650.24
Honda,CR-V,2009,74216,poor,gasoline,automatic,suv,1,1,826771.08
Honda,Civic,2019,31434,good,gasoline,automatic,sedan,0,2,3135209.05
BMW,3 Series,2015,163568,excellent,gasoline,automatic,sedan,1,2,1976452.38
Hyundai,Sonata,2022,44683,fair,gasoline,automatic,sedan,0,4,3477486.09
Toyota,Highlander,2018,96864,fair,gasoline,automatic,suv,0,1,3593408.84
Hyundai,Sonata,2022,66456,fair,gasoline,automatic,sedan,0,1,3495297.76
BMW,5 Series,2010,120773,fair,gasoline,automatic,sedan,0,3,1979779.85
Ford,Explorer,2007,161494,poor,gasoline,automatic,suv,1,3,544219.84
Chevrolet,Traverse,2019,112728,good,gasoline,automatic,suv,1,1,3157358.23
BMW,X5,2014,134663,good,gasoline,automatic,suv,0,2,3647211.17
Honda,Accord,2016,28506,excellent,gasoline,automatic,sedan,0,1,3843262.83
Honda,CR-V,2008,217736,fair,gasoline,automatic,suv,0,4,584116.36
Hyundai,Ioniq 5,2019,25436,poor,electric,automatic,sedan,0,3,4166031.12
Ford,Mustang,2011,101232,fair,gasoline,automatic,coupe,0,3,1617276.22
Tesla,Model Y,2025,13003,good,electric,automatic,suv,0,4,15266745.67
Chevrolet,Traverse,2006,177891,good,hybrid,automatic,suv,0,2,908524.8
Tesla,Model S,2013,30309,excellent,electric,automatic,sedan,0,1,9199110.53
Chevrolet,Silverado,2006,180885,good,gasoline,automatic,truck,1,4,806947.0
Honda,Pilot,2014,69938,good,gasoline,automatic,suv,0,1,3568330.17
Nissan,Rogue,2013,142692,poor,gasoline,automatic,suv,0,2,1071027.89
BMW,X3,2025,22169,fair,gasoline,automatic,suv,0,4,10128983.96
Hyundai,Elantra,2024,9618,good,hybrid,automatic,sedan,0,1,5860961.97
Toyota,Prius,2007,74678,excellent,hybrid,manual,hatchback,0,3,1048660.2
Toyota,Highlander,2005,300023,good,hybrid,automatic,suv,0,2,760701.91
Chevrolet,Malibu,2014,74935,good,gasoline,manual,sedan,0,1,1869726.14
Hyundai,Sonata,2015,55488,fair,gasoline,automatic,sedan,0,1,2224724.91
Honda,Accord,2021,67117,excellent,gasoline,automatic,sedan,0,3,3826533.62
BMW,X3,2016,138248,fair,hybrid,automatic,suv,0,1,3071401.71
Ford,F-150,2008,172150,fair,hybrid,manual,truck,0,4,1021072.67
Tesla,Model X,2020,100690,fair,electric,automatic,suv,0,1,11323064.34
Ford,Focus,2021,18240,poor,gasoline,automatic,hatchback,0,1,2265824.27
Nissan,Leaf,2023,24575,excellent,electric,automatic,hatchback,0,1,7578308.17
Hyundai,Ioniq 5,2008,303630,good,electric,automatic,sedan,1,1,828727.9
Chevrolet,Silverado,2015,167769,good,gasoline,automatic,truck,0,2,2862193.93
BMW,5 Series,2012,190917,excellent,gasoline,automatic,sedan,0,3,1828881.12
Chevrolet,Bolt,2010,36323,poor,electric,automatic,hatchback,0,1,1522159.53
Tesla,Model X,2016,31558,excellent,electric,automatic,suv,0,1,15810116.53
BMW,i4,2009,291857,poor,electric,automatic,sedan,0,1,981551.59
Toyota,Prius,2005,313483,fair,hybrid,automatic,hatchback,1,2,333600.0
Tesla,Model S,2012,248653,fair,electric,automatic,sedan,0,1,2459674.92
Chevrolet,Silverado,2006,204759,fair,gasoline,automatic,truck,0,1,823047.41
Nissan,Pathfinder,2023,60936,excellent,gasoline,automatic,suv,0,1,9258968.91
Hyundai,Tucson,2015,38054,good,gasoline,automatic,suv,0,1,3347115.43
Chevrolet,Equinox,2011,85751,fair,gasoline,automatic,suv,0,2,1438026.4
BMW,3 Series,2020,41495,fair,gasoline,automatic,sedan,1,3,3749708.82
Chevrolet,Traverse,2015,30186,good,gasoline,automatic,suv,0,1,4829559.43
Ford,Mustang,2006,274439,excellent,gasoline,automatic,coupe,1,1,657081.16
Ford,Escape,2018,43188,good,gasoline,automatic,suv,1,1,3140064.32
Tesla,Model X,2011,230310,fair,electric,automatic,suv,0,2,2792714.08
BMW,5 Series,2011,103902,excellent,gasoline,automatic,sedan,0,1,3338994.5
Ford,Escape,2016,137552,fair,gasoline,automatic,suv,0,1,1797021.93
Hyundai,Tucson,2011,46421,good,gasoline,automatic,suv,1,1,1794683.15
Chevrolet,Equinox,2018,151815,good,gasoline,automatic,suv,1,2,1681118.41
Ford,Focus,2023,22587,poor,gasoline,automatic,hatchback,0,3,2442075.43
Chevrolet,Equinox,2021,25146,good,gasoline,automatic,suv,0,1,5756238.27
Toyota,Corolla,2025,9853,fair,diesel,automatic,sedan,0,1,5216042.77
BMW,X5,2013,206407,fair,gasoline,automatic,suv,0,1,2157852.09
Honda,Accord,2018,78109,fair,gasoline,automatic,sedan,0,2,2561111.65
Ford,F-150,2020,110253,good,gasoline,automatic,truck,0,2,5477719.72
Toyota,Camry,2005,269189,excellent,diesel,manual,sedan,0,1,538941.31
Chevrolet,Traverse,2025,7313,fair,diesel,automatic,suv,1,2,7026812.56
Honda,Pilot,2023,47093,excellent,gasoline,automatic,suv,0,3,8887338.39
Hyundai,Tucson,2018,147776,excellent,gasoline,automatic,suv,0,1,3190529.35
BMW,i4,2022,22660,excellent,electric,automatic,wagon,0,3,11788511.59
Chevrolet,Traverse,2025,18168,fair,gasoline,automatic,suv,0,1,9517581.89
Nissan,Pathfinder,2005,113331,poor,gasoline,automatic,suv,0,2,752564.31
Honda,Pilot,2025,13085,fair,gasoline,automatic,suv,1,5,6655771.48
BMW,5 Series,2006,261810,good,gasoline,automatic,sedan,0,1,1150065.37
BMW,X5,2018,141148,excellent,gasoline,automatic,suv,0,1,6132931.81
Honda,CR-V,2018,61988,fair,hybrid,automatic,suv,0,1,4126979.22
Ford,Focus,2009,67718,good,hybrid,automatic,hatchback,0,4,1073143.82
Chevrolet,Equinox,2022,39282,fair,gasoline,automatic,suv,0,3,4243041.5
Chevrolet,Bolt,2017,84144,fair,electric,automatic,hatchback,0,1,2734472.81
Toyota,RAV4,2018,127299,fair,gasoline,automatic,suv,1,1,1929034.68
Ford,Mustang,2007,50537,excellent,hybrid,automatic,coupe,0,1,2331657.24
Ford,Mustang,2021,92388,good,gasoline,automatic,coupe,0,1,5010677.77
Ford,Mustang,2022,38707,fair,gasoline,automatic,coupe,0,5,5311788.71
Chevrolet,Equinox,2023,25997,good,hybrid,automatic,suv,1,1,5887706.9
Honda,CR-V,2010,104079,fair,gasoline,automatic,suv,0,2,1378745.66
BMW,X3,2008,198371,good,hybrid,automatic,suv,0,1,1485681.37
Ford,Mustang,2013,62006,poor,gasoline,automatic,coupe,0,2,1684756.49
Ford,F-150,2011,187905,good,gasoline,manual,truck,1,1,1006712.14
Honda,Accord,2023,50962,good,gasoline,automatic,sedan,0,1,5946432.77
BMW,3 Series,2024,36404,good,gasoline,automatic,sedan,0,2,9858993.16
Tesla,Model S,2019,24108,good,electric,automatic,sedan,1,1,10544217.33
BMW,3 Series,2020,44628,good,gasoline,automatic,sedan,0,1,5606581.4
Hyundai,Elantra,2019,68790,excellent,gasoline,automatic,sedan,0,2,3299368.14
Tesla,Model X,2016,91151,excellent,electric,automatic,suv,0,2,10317754.5
Honda,Pilot,2017,87405,good,gasoline,automatic,suv,0,1,4256475.87
Honda,Accord,2020,68053,good,gasoline,automatic,sedan,0,1,3679773.6
Tesla,Model X,2013,207339,fair,electric,automatic,suv,0,2,3319080.53
Honda,Accord,2019,113653,excellent,gasoline,automatic,sedan,0,1,3116675.68
Toyota,Camry,2011,173048,fair,gasoline,automatic,sedan,0,1,735657.0
Honda,Fit,2015,108986,excellent,gasoline,automatic,hatchback,0,3,1409604.18
Hyundai,Ioniq 5,2007,222728,good,electric,automatic,sedan,0,1,1151476.11
Honda,CR-V,2019,74498,good,gasoline,automatic,suv,1,2,3455334.55
Tesla,Model Y,2012,191944,fair,electric,automatic,suv,0,1,1305913.26
Nissan,Sentra,2014,113061,fair,gasoline,automatic,sedan,0,2,1057801.15
Ford,Explorer,2008,297637,fair,gasoline,automatic,suv,0,1,688454.62
Honda,CR-V,2005,179437,good,gasoline,automatic,suv,0,1,701680.06
Nissan,Pathfinder,2010,185518,good,gasoline,automatic,suv,0,1,1184528.7
Chevrolet,Traverse,2018,118961,fair,gasoline,automatic,suv,0,1,2746685.4
Ford,Escape,2006,123201,poor,gasoline,automatic,suv,0,2,659479.19
Tesla,Model 3,2010,226850,poor,electric,automatic,sedan,0,1,742203.55
Honda,Pilot,2020,34671,excellent,gasoline,automatic,suv,1,1,6358710.62
Tesla,Model 3,2017,112037,excellent,electric,automatic,sedan,0,1,4848925.39
Hyundai,Tucson,2009,249374,poor,gasoline,automatic,suv,1,1,379568.56
Tesla,Model S,2016,51959,excellent,electric,automatic,sedan,0,1,10399214.0
Nissan,Sentra,2009,284720,good,gasoline,automatic,sedan,0,1,525352.7
Hyundai,Tucson,2018,120569,fair,gasoline,automatic,suv,0,2,2195661.15
Hyundai,Elantra,2011,239702,good,gasoline,automatic,sedan,0,2,637146.66
Ford,Mustang,2021,48223,good,hybrid,manual,coupe,0,1,6401863.71
Ford,Escape,2017,53632,fair,gasoline,automatic,suv,0,1,3138084.84
Tesla,Model Y,2013,78324,good,electric,automatic,suv,1,5,2931940.5
Nissan,Leaf,2013,132154,excellent,electric,automatic,hatchback,0,2,1834594.96
Nissan,Pathfinder,2015,36225,excellent,gasoline,automatic,suv,0,2,4984843.57
Honda,Accord,2010,97753,good,gasoline,automatic,sedan,0,2,1399375.16
Toyota,Corolla,2024,33685,good,diesel,automatic,sedan,0,1,5147206.63
Honda,Fit,2011,229482,fair,gasoline,automatic,hatchback,0,2,417106.21
Tesla,Model X,2025,17640,good,electric,automatic,suv,0,3,23905636.92
Tesla,Model X,2008,275166,good,electric,automatic,suv,1,2,1887309.93
Ford,Explorer,2006,77538,good,diesel,automatic,suv,0,1,1893544.88
Nissan,Sentra,2016,151960,excellent,gasoline,automatic,sedan,0,1,1364451.67
Ford,Focus,2012,231670,excellent,hybrid,automatic,hatchback,0,2,767830.97
Tesla,Model S,2011,216205,good,electric,automatic,sedan,0,3,2526212.88
Toyota,Highlander,2008,69184,good,hybrid,manual,suv,0,2,2129114.48
BMW,3 Series,2011,272694,poor,gasoline,automatic,sedan,0,2,805952.78
Hyundai,Santa Fe,2022,53703,excellent,diesel,automatic,suv,1,2,5832409.55
Chevrolet,Silverado,2018,89703,excellent,diesel,automatic,truck,1,2,4954996.36
Ford,Focus,2020,72067,excellent,gasoline,automatic,hatchback,0,1,2975826.94
Hyundai,Sonata,2016,180918,excellent,gasoline,automatic,wagon,1,4,1006749.17
Hyundai,Elantra,2023,34611,poor,gasoline,automatic,sedan,1,1,2375172.97
Honda,CR-V,2007,147328,excellent,hybrid,automatic,suv,0,1,1286346.78
Ford,F-150,2006,123279,poor,gasoline,automatic,truck,0,1,1133093.11
Chevrolet,Traverse,2014,150870,excellent,gasoline,automatic,suv,0,2,2274625.04
BMW,5 Series,2016,42056,good,hybrid,automatic,sedan,0,3,5575390.86
Chevrolet,Equinox,2013,201091,good,gasoline,automatic,suv,0,1,1086146.13
Hyundai,Sonata,2023,48776,good,gasoline,automatic,sedan,0,3,5037318.93
Nissan,Leaf,2020,84708,fair,electric,automatic,hatchback,0,5,2626997.66
Nissan,Altima,2021,20406,good,gasoline,automatic,sedan,0,2,4502656.81
Chevrolet,Bolt,2017,66530,good,electric,automatic,hatchback,1,2,2360940.35
Chevrolet,Traverse,2016,74980,fair,gasoline,automatic,suv,0,1,3173276.18
Toyota,Corolla,2018,107552,good,hybrid,automatic,sedan,0,1,2422780.69
Chevrolet,Bolt,2012,39982,excellent,electric,automatic,hatchback,0,1,2629164.6
Honda,CR-V,2021,36890,good,gasoline,automatic,suv,0,2,5569564.91
Honda,Accord,2023,27878,fair,gasoline,manual,sedan,0,2,4572441.26
Toyota,RAV4,2024,23297,fair,gasoline,automatic,suv,0,1,7374537.16
Ford,Explorer,2013,160318,excellent,gasoline,automatic,suv,0,3,2170096.77
Toyota,Camry,2011,174217,poor,hybrid,automatic,sedan,0,1,677554.89
Honda,Accord,2017,138990,fair,gasoline,automatic,sedan,1,1,1358845.71
Honda,Accord,2024,15303,good,gasoline,automatic,sedan,0,1,6542461.35
Toyota,Camry,2015,144068,good,gasoline,automatic,sedan,1,1,1341044.22
Honda,Fit,2010,66245,good,gasoline,automatic,hatchback,1,4,739592.57
Toyota,Corolla,2025,16151,fair,hybrid,automatic,sedan,0,3,5202141.48
BMW,3 Series,2017,24377,good,gasoline,automatic,sedan,0,1,5742993.96
Chevrolet,Malibu,2006,84332,fair,gasoline,automatic,sedan,0,2,744293.41
Chevrolet,Malibu,2005,59720,fair,gasoline,automatic,sedan,0,1,929474.3
Hyundai,Santa Fe,2018,30498,fair,hybrid,automatic,suv,0,1,4651441.61
Toyota,Highlander,2007,156034,excellent,gasoline,automatic,suv,1,1,1075406.79
Tesla,Model S,2018,149921,excellent,electric,automatic,sedan,0,4,6749308.03
Toyota,Prius,2008,219620,fair,hybrid,automatic,hatchback,0,1,528084.84
BMW,i4,2012,91436,good,electric,automatic,sedan,1,2,3100558.89
Nissan,Rogue,2018,66639,good,gasoline,automatic,suv,0,1,3717383.33
Toyota,RAV4,2020,46253,poor,gasoline,automatic,suv,0,1,2881671.02
Toyota,RAV4,2019,22119,poor,gasoline,automatic,suv,0,1,3452976.07
Chevrolet,Silverado,2022,33500,fair,gasoline,automatic,truck,1,4,5734658.97
Chevrolet,Malibu,2017,85403,good,gasoline,automatic,sedan,0,1,2310721.49
Ford,Escape,2017,45186,fair,gasoline,automatic,suv,1,4,2374728.5
Hyundai,Santa Fe,2007,121002,poor,gasoline,automatic,suv,0,3,785819.86
Chevrolet,Malibu,2019,72905,good,gasoline,automatic,sedan,0,2,3009214.8
Chevrolet,Silverado,2011,264410,fair,gasoline,automatic,truck,0,2,1265296.71
Tesla,Model X,2010,186245,good,electric,automatic,suv,0,1,3286478.99
Toyota,RAV4,2014,216797,excellent,gasoline,automatic,suv,0,1,1360169.11
Tesla,Model Y,2011,204997,fair,electric,automatic,suv,0,2,1480310.67
Toyota,Camry,2014,46789,good,hybrid,automatic,sedan,0,2,2523572.01
Nissan,Pathfinder,2012,197540,excellent,gasoline,automatic,suv,0,1,1400433.01
Chevrolet,Silverado,2019,73563,fair,hybrid,automatic,truck,0,3,5361464.61
Toyota,Corolla,2010,197979,good,hybrid,automatic,sedan,0,1,717550.12
Honda,Civic,2012,112769,good,gasoline,automatic,sedan,0,1,1352535.02
Honda,Civic,2005,120461,good,gasoline,automatic,sedan,0,1,679102.72
Hyundai,Sonata,2015,138977,excellent,gasoline,automatic,sedan,0,1,1711115.09
Chevrolet,Silverado,2022,15038,good,gasoline,automatic,truck,1,2,7379411.12
Toyota,Camry,2020,14892,excellent,gasoline,manual,sedan,1,1,3690509.61
Hyundai,Tucson,2006,179102,fair,hybrid,automatic,suv,0,2,589541.26
Nissan,Leaf,2019,86583,good,electric,automatic,hatchback,0,1,3455098.27
Hyundai,Santa Fe,2011,47902,fair,gasoline,automatic,suv,0,4,1979914.02
Toyota,Camry,2010,191059,fair,gasoline,automatic,sedan,0,4,521489.08
Honda,Pilot,2005,264060,fair,diesel,automatic,suv,0,4,611405.59
Chevrolet,Equinox,2005,299684,fair,gasoline,automatic,suv,1,2,333600.0
Toyota,Camry,2019,24935,fair,gasoline,automatic,sedan,0,1,2797614.45
Nissan,Leaf,2021,29611,good,electric,automatic,hatchback,0,1,5574315.45
Hyundai,Tucson,2012,197119,poor,gasoline,automatic,suv,0,2,631362.89
Toyota,Prius,2022,64818,good,hybrid,automatic,hatchback,0,1,4290291.88
Nissan,Pathfinder,2007,233416,fair,gasoline,automatic,suv,0,3,670547.03
Tesla,Model S,2015,87501,fair,electric,automatic,wagon,0,2,5784550.15
Hyundai,Santa Fe,2015,152035,fair,gasoline,automatic,suv,0,2,1607455.77
Tesla,Model Y,2020,24407,good,electric,automatic,suv,0,1,9461273.39
Tesla,Model X,2013,172625,good,electric,automatic,suv,0,1,4034804.02
Ford,Explorer,2015,181458,good,gasoline,automatic,suv,0,2,1944865.33
Hyundai,Ioniq 5,2023,22190,fair,electric,automatic,sedan,1,1,6614817.89
Toyota,Highlander,2022,66519,good,gasoline,automatic,suv,1,2,4758452.14
Nissan,Pathfinder,2017,68780,fair,gasoline,automatic,suv,0,1,3739636.01
Chevrolet,Malibu,2008,71826,good,gasoline,automatic,sedan,0,3,1016063.59
Ford,Focus,2012,40515,excellent,gasoline,automatic,hatchback,0,2,1578034.17
Ford,Focus,2005,283270,excellent,gasoline,manual,hatchback,0,1,366647.6
Chevrolet,Traverse,2022,39890,fair,gasoline,automatic,suv,0,1,6314461.12
Nissan,Rogue,2010,194385,good,gasoline,automatic,suv,0,2,856747.83
Honda,Pilot,2022,29835,excellent,gasoline,automatic,suv,1,5,5710389.99
Tesla,Model X,2011,175334,good,electric,automatic,suv,0,1,3648608.48
Nissan,Leaf,2009,227428,excellent,electric,automatic,hatchback,1,1,650662.43
Tesla,Model S,2019,76446,fair,electric,automatic,sedan,0,1,9621545.61
Honda,Pilot,2021,54359,fair,diesel,automatic,suv,0,1,6316023.48
Toyota,Corolla,2010,57366,good,gasoline,automatic,wagon,0,5,1209946.81
Hyundai,Sonata,2019,101536,excellent,gasoline,automatic,sedan,0,2,3277926.86
Ford,Focus,2005,180600,poor,gasoline,automatic,hatchback,0,4,333600.0
Toyota,Corolla,2021,63940,fair,gasoline,manual,sedan,1,1,1882774.91
Chevrolet,Traverse,2018,148521,fair,gasoline,automatic,suv,1,2,1710133.02
Hyundai,Elantra,2025,8065,fair,gasoline,automatic,sedan,0,3,4902870.08
Chevrolet,Traverse,2008,246148,poor,gasoline,automatic,suv,1,1,483804.12
Ford,Explorer,2014,200549,good,gasoline,manual,suv,0,5,1244747.36
Ford,Focus,2013,201184,excellent,gasoline,automatic,hatchback,0,3,767457.53
Ford,F-150,2012,44044,good,gasoline,automatic,truck,0,1,3962625.97
Honda,Fit,2011,266145,good,gasoline,automatic,hatchback,0,1,533390.22
Toyota,Camry,2007,285468,good,diesel,automatic,sedan,1,2,400469.06
Tesla,Model X,2007,253251,good,electric,automatic,suv,0,2,2115731.98
Toyota,Camry,2006,238260,poor,diesel,automatic,sedan,1,2,333600.0
Tesla,Model S,2022,31957,good,electric,automatic,sedan,1,1,15256794.77
Tesla,Model 3,2015,93177,poor,electric,automatic,sedan,0,1,2521300.49
Ford,Focus,2005,119685,good,gasoline,manual,hatchback,0,1,546832.99
Nissan,Rogue,2005,82010,fair,gasoline,automatic,suv,0,4,878786.78
Ford,Explorer,2008,86234,good,gasoline,automatic,suv,0,2,1982135.41
Hyundai,Sonata,2020,106697,fair,gasoline,automatic,sedan,1,2,1905320.88
Hyundai,Sonata,2005,151070,fair,gasoline,automatic,sedan,0,2,505241.4
Toyota,Highlander,2018,144722,good,gasoline,automatic,suv,0,1,3558903.58
BMW,i4,2014,28637,good,electric,automatic,sedan,0,2,6590476.31
Honda,Accord,2019,90007,fair,gasoline,automatic,wagon,0,3,2244794.85
Tesla,Model X,2014,217114,good,electric,automatic,suv,0,1,4059917.37
Chevrolet,Traverse,2013,108948,excellent,diesel,automatic,suv,0,2,3139813.07
Ford,Escape,2008,231751,fair,gasoline,automatic,suv,0,2,587428.67
Tesla,Model S,2018,37343,good,electric,automatic,sedan,0,2,12232127.73
BMW,i4,2009,156054,excellent,electric,automatic,sedan,0,2,2266161.76
Toyota,Camry,2013,35074,excellent,hybrid,automatic,sedan,0,1,2831890.81
Chevrolet,Malibu,2009,163575,good,gasoline,automatic,sedan,0,1,784934.34
BMW,3 Series,2018,26547,good,diesel,automatic,wagon,1,2,4787465.98
Hyundai,Santa Fe,2017,136178,excellent,gasoline,automatic,suv,0,1,3171937.4
Hyundai,Sonata,2020,53073,fair,gasoline,automatic,sedan,0,2,3308972.9
Toyota,Prius,2024,42270,excellent,hybrid,automatic,hatchback,0,2,6471586.86
BMW,i4,2022,28570,good,electric,automatic,sedan,1,2,10018301.51
BMW,3 Series,2012,41613,excellent,gasoline,automatic,sedan,0,2,4036932.79
Nissan,Rogue,2018,100719,good,gasoline,automatic,suv,0,3,3301806.48
Honda,Accord,2013,42220,good,gasoline,automatic,sedan,0,1,2124452.77
BMW,3 Series,2017,124997,fair,gasoline,automatic,sedan,0,2,2697891.43
Chevrolet,Traverse,2024,13381,good,gasoline,automatic,suv,0,2,10260253.91
Tesla,Model Y,2007,239729,excellent,electric,automatic,suv,0,1,1483935.01
Tesla,Model Y,2016,45136,fair,electric,automatic,suv,0,2,5066972.71
Hyundai,Sonata,2012,99697,good,gasoline,automatic,sedan,0,1,1590458.01
Nissan,Rogue,2010,69699,poor,gasoline,automatic,suv,0,1,1347551.22
Toyota,Highlander,2014,180000,good,gasoline,automatic,suv,1,2,1431271.9
Honda,Civic,2020,80717,good,gasoline,manual,sedan,0,4,2424012.07
Nissan,Altima,2007,177272,fair,gasoline,automatic,sedan,0,1,516054.79
Honda,Accord,2007,111630,good,gasoline,automatic,sedan,0,2,1000103.87
Toyota,RAV4,2023,28052,good,gasoline,automatic,suv,0,1,7362342.81
Chevrolet,Equinox,2019,74862,fair,gasoline,automatic,suv,0,1,3111258.32
Nissan,Pathfinder,2020,58101,good,gasoline,automatic,suv,0,1,5586221.7
Hyundai,Tucson,2022,32904,fair,gasoline,automatic,suv,0,5,4404179.8
Tesla,Model 3,2005,64485,good,electric,automatic,sedan,0,2,1690066.01
Chevrolet,Traverse,2020,20206,fair,gasoline,manual,suv,0,1,4977287.87
Ford,Explorer,2017,43702,excellent,gasoline,automatic,suv,0,4,4728836.49
Chevrolet,Equinox,2017,101789,fair,hybrid,automatic,suv,1,2,2058929.08
Chevrolet,Traverse,2005,98115,fair,gasoline,automatic,suv,0,1,1121052.97
Honda,Civic,2025,9449,excellent,gasoline,automatic,sedan,1,2,5253484.44
Ford,Escape,2013,234869,excellent,gasoline,automatic,suv,0,2,1149108.24
Hyundai,Sonata,2023,16877,poor,gasoline,automatic,wagon,0,2,3390618.53
Ford,Explorer,2012,82490,excellent,gasoline,automatic,suv,1,3,2622564.64
Chevrolet,Malibu,2014,117481,excellent,gasoline,automatic,sedan,0,2,1736078.59
Ford,Mustang,2005,228088,good,gasoline,automatic,coupe,0,4,589118.65
Hyundai,Sonata,2022,73454,fair,gasoline,automatic,wagon,0,3,3070820.37
Hyundai,Sonata,2020,81780,fair,gasoline,automatic,sedan,1,1,2136109.73
BMW,i4,2007,343679,excellent,electric,automatic,sedan,0,1,1536741.28
Ford,F-150,2015,151168,good,hybrid,automatic,truck,1,1,2698600.0
Ford,Explorer,2010,38359,fair,diesel,automatic,suv,1,4,1719825.47
Tesla,Model S,2012,76157,fair,electric,automatic,sedan,0,3,4854292.56
Hyundai,Tucson,2007,325237,fair,diesel,automatic,suv,0,1,601770.84
Toyota,Camry,2005,68568,poor,gasoline,automatic,sedan,0,2,630389.53
Toyota,Camry,2017,138737,fair,gasoline,automatic,sedan,0,1,1721196.25
Chevrolet,Bolt,2025,10238,fair,electric,automatic,hatchback,0,2,7277027.78
Honda,Pilot,2019,19962,good,diesel,automatic,suv,0,3,5673083.24
Toyota,Prius,2016,58180,poor,hybrid,automatic,hatchback,0,2,1873043.06
Ford,Mustang,2006,108779,fair,gasoline,automatic,coupe,1,2,813287.18
Nissan,Sentra,2011,183361,excellent,gasoline,automatic,sedan,0,1,788160.16
Nissan,Pathfinder,2022,67007,fair,gasoline,automatic,suv,0,2,5070268.45
Chevrolet,Equinox,2005,172479,excellent,gasoline,manual,suv,0,3,568973.09
BMW,X5,2021,57986,fair,gasoline,automatic,suv,1,2,6333024.6
BMW,5 Series,2011,174731,excellent,hybrid,manual,sedan,0,2,1808755.42
Ford,F-150,2019,35015,good,gasoline,automatic,truck,1,3,5313773.04
Ford,Focus,2023,25423,good,gasoline,automatic,hatchback,0,3,4116424.37
Toyota,RAV4,2022,28279,good,gasoline,automatic,suv,0,1,6904045.68
Toyota,RAV4,2009,134541,good,gasoline,manual,suv,0,2,1241752.57
Hyundai,Santa Fe,2020,86586,fair,gasoline,automatic,suv,0,2,3910940.44
Tesla,Model X,2025,5957,excellent,electric,automatic,suv,0,2,32205679.41
Tesla,Model 3,2023,25358,good,electric,automatic,sedan,0,1,9693807.41
Toyota,Corolla,2007,75983,good,gasoline,automatic,sedan,0,4,844103.08
Tesla,Model Y,2005,304726,good,electric,automatic,suv,0,2,1127914.25
Chevrolet,Silverado,2017,108014,poor,gasoline,manual,truck,0,5,2151559.99
Ford,Mustang,2019,79002,fair,gasoline,manual,coupe,0,1,3637862.41
BMW,i4,2012,257679,fair,electric,automatic,sedan,0,1,1539599.35
Ford,Focus,2009,94840,good,gasoline,automatic,hatchback,0,1,933822.85
Hyundai,Elantra,2015,141527,fair,gasoline,automatic,sedan,0,1,1093875.42
Tesla,Model S,2019,123600,excellent,electric,automatic,sedan,0,4,8150920.05
Nissan,Rogue,2019,49964,good,gasoline,manual,suv,0,1,3588575.67
Tesla,Model X,2024,22822,good,electric,automatic,suv,0,2,24294338.1
Chevrolet,Equinox,2006,198020,fair,gasoline,automatic,suv,0,2,465877.48
Chevrolet,Silverado,2020,24849,fair,gasoline,automatic,truck,0,3,6294084.91
Tesla,Model Y,2014,126070,excellent,electric,automatic,suv,0,1,3786315.89
Ford,Mustang,2010,143816,good,gasoline,automatic,coupe,0,2,1629404.44
Chevrolet,Equinox,2010,220807,good,gasoline,automatic,suv,0,2,793462.55
BMW,i4,2023,57965,poor,electric,automatic,sedan,0,2,6805682.01
Nissan,Rogue,2007,150806,good,gasoline,automatic,suv,1,2,727670.35
Nissan,Rogue,2017,139178,fair,gasoline,automatic,suv,0,1,2059627.77
Chevrolet,Malibu,2020,87478,poor,gasoline,automatic,sedan,0,2,1903625.08
Hyundai,Elantra,2005,234087,excellent,gasoline,automatic,sedan,0,2,435012.96
Nissan,Leaf,2015,155791,fair,electric,automatic,hatchback,0,3,1341004.63
Hyundai,Ioniq 5,2022,16050,excellent,electric,automatic,wagon,0,1,11906052.21
Hyundai,Sonata,2022,73989,excellent,hybrid,automatic,sedan,0,1,5486984.3
BMW,X3,2007,106796,good,gasoline,automatic,suv,1,1,1760663.16
BMW,3 Series,2016,50573,excellent,gasoline,automatic,sedan,0,1,5390768.72
Hyundai,Elantra,2025,25407,good,gasoline,automatic,sedan,0,1,5480095.97
Toyota,Camry,2006,165032,excellent,gasoline,automatic,wagon,0,1,709916.84
Chevrolet,Malibu,2022,70241,poor,gasoline,automatic,sedan,0,2,2272856.47
BMW,X3,2022,26190,excellent,gasoline,automatic,suv,0,1,11765709.59
Nissan,Pathfinder,2020,34135,good,gasoline,automatic,suv,0,3,5904201.45
Nissan,Pathfinder,2005,135456,good,diesel,automatic,suv,0,2,1057761.57
BMW,X5,2010,124214,fair,gasoline,automatic,suv,0,2,2370729.08
Toyota,RAV4,2021,79288,good,gasoline,automatic,suv,0,1,5196274.95
Nissan,Rogue,2023,18772,poor,gasoline,automatic,suv,0,2,4245139.84
Nissan,Altima,2025,8961,fair,gasoline,automatic,sedan,0,2,5607021.49
Ford,Focus,2006,300315,fair,gasoline,automatic,hatchback,0,2,333600.0
Toyota,Prius,2022,52300,fair,hybrid,automatic,hatchback,0,1,4089675.06
Chevrolet,Bolt,2017,72246,good,electric,automatic,hatchback,0,1,3198839.11
Hyundai,Elantra,2015,119783,good,gasoline,automatic,sedan,1,1,1108151.55
Toyota,Prius,2024,25374,good,hybrid,automatic,hatchback,0,1,6093275.28
Toyota,RAV4,2025,11297,excellent,gasoline,automatic,suv,0,2,10011898.42
Ford,Escape,2025,12885,fair,gasoline,automatic,suv,0,1,7573804.62
Nissan,Pathfinder,2025,13327,excellent,gasoline,automatic,suv,0,2,10912818.55
Tesla,Model S,2022,64146,fair,electric,automatic,sedan,0,1,14690483.55
Honda,CR-V,2021,24940,excellent,hybrid,automatic,suv,0,5,6412028.37
Hyundai,Elantra,2009,244691,good,gasoline,automatic,sedan,0,3,527374.54
Toyota,Corolla,2014,164442,good,gasoline,automatic,sedan,0,2,1063364.81
Chevrolet,Equinox,2022,35706,good,hybrid,automatic,suv,0,2,6644650.64
Chevrolet,Bolt,2015,174931,excellent,electric,automatic,hatchback,1,1,1362685.38
Tesla,Model Y,2024,28652,fair,electric,automatic,suv,1,1,7982493.7
Honda,Pilot,2006,168412,good,gasoline,manual,suv,1,1,765315.43
Hyundai,Elantra,2024,21517,excellent,gasoline,automatic,sedan,0,1,5969724.45
Hyundai,Ioniq 5,2018,104198,fair,electric,automatic,sedan,0,3,3688535.26
Toyota,Corolla,2016,151829,excellent,gasoline,automatic,sedan,0,1,1855541.71
Ford,Escape,2017,49509,poor,gasoline,manual,suv,1,1,1610500.03
Chevrolet,Bolt,2020,66910,poor,electric,automatic,hatchback,0,1,3017274.44
Toyota,Prius,2014,95624,good,hybrid,automatic,hatchback,0,2,2009021.0
Hyundai,Santa Fe,2023,16536,good,diesel,automatic,suv,0,1,9882166.55
Tesla,Model Y,2011,61868,excellent,electric,automatic,suv,0,2,4174138.45
Toyota,Prius,2019,45006,good,hybrid,automatic,hatchback,0,3,3712986.17
Ford,Explorer,2013,65477,excellent,gasoline,automatic,suv,0,3,3394062.52
Toyota,Camry,2022,31474,excellent,hybrid,automatic,sedan,0,1,6354088.97
Hyundai,Ioniq 5,2009,55264,fair,electric,automatic,sedan,1,1,1841962.48
Toyota,Corolla,2005,88500,fair,gasoline,automatic,sedan,0,3,645901.34
Ford,Escape,2008,134492,good,hybrid,automatic,suv,0,2,1241358.49
Tesla,Model X,2021,39543,excellent,electric,automatic,suv,0,3,20841001.41
Toyota,Prius,2019,67355,excellent,hybrid,automatic,hatchback,0,2,3659321.08
Toyota,RAV4,2008,243003,excellent,gasoline,automatic,suv,0,2,836083.37
Nissan,Altima,2013,124266,good,gasoline,automatic,sedan,0,1,1557449.64
Toyota,Highlander,2018,118018,good,gasoline,automatic,suv,0,1,4020375.61
Hyundai,Ioniq 5,2010,173868,fair,electric,automatic,sedan,0,2,1147919.3
Hyundai,Tucson,2024,29980,excellent,gasoline,automatic,suv,0,1,9010958.04
Ford,Escape,2022,40507,good,gasoline,automatic,suv,0,2,5707747.28
BMW,3 Series,2021,42608,fair,diesel,automatic,wagon,0,5,4962520.2
Toyota,Camry,2005,349415,good,gasoline,manual,sedan,0,1,424042.5
Hyundai,Ioniq 5,2016,127474,poor,electric,automatic,sedan,0,2,2192179.19
Ford,F-150,2019,96027,good,gasoline,automatic,truck,1,1,4903079.16
Hyundai,Elantra,2014,204962,good,gasoline,automatic,sedan,1,1,712074.08
Honda,Accord,2019,21154,poor,gasoline,automatic,sedan,0,1,2607171.18
Ford,Escape,2025,14049,good,diesel,manual,suv,1,3,5649946.43
Hyundai,Sonata,2018,49388,poor,gasoline,automatic,sedan,0,1,1816027.69
Hyundai,Elantra,2014,43106,fair,hybrid,automatic,sedan,0,2,1819927.34
Tesla,Model 3,2009,131818,poor,electric,automatic,wagon,1,1,857462.25
Toyota,RAV4,2008,301561,good,gasoline,automatic,suv,0,1,918789.47
Tesla,Model X,2024,30449,good,electric,automatic,suv,0,2,23407499.58
Chevrolet,Silverado,2017,31133,poor,gasoline,automatic,truck,0,3,3667845.46
BMW,5 Series,2021,85139,fair,gasoline,automatic,sedan,0,2,6611057.7
Chevrolet,Bolt,2022,45647,fair,electric,automatic,hatchback,1,1,4095150.86
Honda,Fit,2016,171947,fair,gasoline,automatic,hatchback,0,1,776965.87
Toyota,Highlander,2015,168006,good,diesel,automatic,suv,0,2,2073852.11
Toyota,Corolla,2014,38985,good,gasoline,automatic,sedan,1,1,1724144.02
BMW,5 Series,2021,95721,excellent,gasoline,automatic,sedan,0,1,7082574.03
Chevrolet,Traverse,2014,97996,good,gasoline,automatic,suv,0,2,2763285.51
Hyundai,Sonata,2010,183149,poor,gasoline,automatic,sedan,0,1,459631.91
Hyundai,Tucson,2012,184103,good,hybrid,automatic,suv,0,1,1087241.6
Ford,Escape,2017,65164,fair,hybrid,automatic,suv,1,2,2421310.58
Nissan,Pathfinder,2005,191758,good,gasoline,automatic,suv,0,3,657801.05
Tesla,Model Y,2009,93649,excellent,electric,automatic,suv,0,3,2808572.52
BMW,3 Series,2016,160203,good,gasoline,manual,sedan,0,1,2286417.12
Toyota,Prius,2014,55451,good,hybrid,automatic,hatchback,0,2,2499065.14
Ford,F-150,2005,194359,good,gasoline,automatic,truck,0,2,902965.57
Tesla,Model 3,2011,173129,fair,electric,automatic,sedan,0,1,1351765.78
Tesla,Model 3,2016,26788,good,electric,automatic,sedan,0,1,5425563.64
Ford,Escape,2005,329094,good,gasoline,manual,suv,1,1,401689.56
Ford,Mustang,2023,30113,fair,gasoline,automatic,coupe,0,2,5878869.21
Honda,Accord,2012,227745,fair,gasoline,automatic,sedan,0,1,774862.96
Chevrolet,Traverse,2008,248219,fair,gasoline,automatic,suv,0,1,734625.81
Honda,Civic,2009,242978,fair,gasoline,manual,sedan,0,2,438635.84
Chevrolet,Silverado,2016,71020,fair,gasoline,automatic,truck,0,1,4184869.04
Tesla,Model S,2025,13387,fair,electric,automatic,sedan,0,4,16901217.12
Ford,F-150,2013,172836,good,gasoline,automatic,truck,0,3,1914939.93
Tesla,Model S,2006,190858,excellent,electric,automatic,sedan,0,1,2182316.7
Ford,Focus,2019,109536,good,gasoline,automatic,hatchback,0,3,1979899.45
Tesla,Model X,2017,143771,excellent,electric,automatic,suv,0,2,8291140.74
Nissan,Altima,2022,51161,excellent,hybrid,automatic,sedan,0,1,5724211.59
Hyundai,Elantra,2021,20829,poor,diesel,automatic,sedan,1,1,1972821.93
Ford,Escape,2010,216537,good,gasoline,automatic,suv,0,2,919561.53
Hyundai,Elantra,2006,292867,good,gasoline,automatic,sedan,0,1,469034.85
Nissan,Leaf,2005,214296,poor,electric,automatic,hatchback,0,3,333600.0
Ford,Mustang,2025,20595,excellent,gasoline,automatic,coupe,0,3,9568622.76
Toyota,Prius,2006,104281,good,hybrid,manual,hatchback,0,1,989988.47
Honda,Pilot,2006,295925,good,gasoline,automatic,suv,0,2,780836.39
Hyundai,Sonata,2006,261799,good,gasoline,automatic,sedan,0,2,430964.82
Tesla,Model Y,2023,8103,fair,electric,automatic,suv,0,1,11377017.54
Ford,Explorer,2019,32180,fair,gasoline,automatic,suv,0,3,5653200.72
Ford,Escape,2005,176371,excellent,diesel,automatic,suv,0,3,790264.83
BMW,i4,2013,123837,fair,electric,automatic,sedan,0,1,3163183.97
BMW,X5,2024,36403,fair,gasoline,manual,suv,0,1,12390528.13
Ford,F-150,2015,107920,poor,gasoline,automatic,truck,1,3,1595557.83
Honda,CR-V,2016,61452,fair,gasoline,automatic,suv,0,1,2929690.31
Tesla,Model 3,2015,157867,good,electric,automatic,sedan,0,4,2150675.5
Hyundai,Tucson,2010,236936,good,gasoline,automatic,suv,0,1,914936.88
Chevrolet,Equinox,2014,29834,good,gasoline,automatic,suv,1,1,2215541.84
Chevrolet,Bolt,2014,112557,good,electric,automatic,hatchback,0,2,2004331.04
Nissan,Sentra,2013,189891,fair,gasoline,automatic,sedan,0,3,555142.85
Nissan,Altima,2009,88706,fair,gasoline,automatic,sedan,1,5,668513.97
Honda,CR-V,2025,8595,poor,diesel,automatic,suv,0,5,4867371.05
BMW,X5,2017,63354,good,gasoline,automatic,suv,1,2,5396380.35
Honda,Accord,2020,19087,poor,hybrid,automatic,wagon,0,2,3018404.23
Ford,Mustang,2009,235323,fair,gasoline,manual,coupe,0,3,622956.13
Ford,Mustang,2016,72551,poor,gasoline,automatic,coupe,0,1,2266987.92
Ford,Escape,2020,50614,good,gasoline,automatic,suv,0,1,4533695.79
Honda,Pilot,2025,16466,fair,gasoline,automatic,suv,0,2,9065030.15
Hyundai,Tucson,2021,37782,good,gasoline,automatic,suv,0,2,5347057.62
Nissan,Sentra,2007,296366,good,gasoline,automatic,sedan,0,3,384536.81
Toyota,Highlander,2010,101910,good,gasoline,automatic,suv,0,2,2034918.22
Tesla,Model X,2023,16994,poor,electric,automatic,suv,0,2,13516914.92
BMW,i4,2023,43899,good,electric,automatic,sedan,0,3,11272388.14
Honda,Civic,2016,84759,good,gasoline,automatic,sedan,0,1,2267560.32
Nissan,Leaf,2023,17338,good,electric,automatic,hatchback,0,1,6870990.7
Honda,Fit,2022,30200,good,gasoline,automatic,hatchback,0,4,2835031.91
Tesla,Model 3,2025,19421,good,electric,automatic,wagon,0,2,11608095.28
Chevrolet,Bolt,2024,21527,good,electric,automatic,hatchback,0,1,8000332.39
Chevrolet,Malibu,2008,49912,fair,gasoline,automatic,sedan,0,1,1097272.98
Ford,Focus,2017,120249,excellent,gasoline,automatic,hatchback,0,1,1849027.12
Ford,Mustang,2006,202870,excellent,gasoline,automatic,coupe,0,2,873870.44
Tesla,Model X,2017,59246,good,electric,automatic,suv,1,3,8387354.0
Chevrolet,Bolt,2018,98068,poor,electric,automatic,hatchback,0,1,1883138.73
BMW,3 Series,2011,269669,good,gasoline,automatic,sedan,0,2,1144582.36
Hyundai,Tucson,2013,52822,excellent,gasoline,automatic,suv,0,1,3221063.73
Nissan,Leaf,2007,183511,fair,electric,automatic,hatchback,0,1,571717.66
Toyota,Camry,2012,256238,good,gasoline,automatic,sedan,0,2,712566.52
Toyota,Prius,2022,67658,excellent,hybrid,automatic,hatchback,0,2,5299199.39
Ford,F-150,2023,44143,good,hybrid,automatic,truck,1,4,8085901.23
Chevrolet,Equinox,2022,52856,fair,gasoline,automatic,suv,1,2,3591331.25
Tesla,Model Y,2019,54070,excellent,electric,automatic,suv,0,1,9423340.69
Ford,Mustang,2024,19767,good,gasoline,manual,coupe,1,4,5663614.31
Chevrolet,Traverse,2021,70786,good,gasoline,manual,suv,0,1,5454368.39
Hyundai,Ioniq 5,2015,110712,good,electric,automatic,sedan,0,1,3310259.89
Ford,Escape,2013,116892,good,gasoline,automatic,suv,0,3,1732755.48
BMW,X3,2018,80590,excellent,gasoline,automatic,suv,0,2,5867451.91
Tesla,Model S,2016,38162,good,electric,automatic,sedan,1,2,7580207.2
Hyundai,Santa Fe,2023,60244,good,gasoline,automatic,suv,0,3,6374903.83
Chevrolet,Equinox,2019,117837,fair,gasoline,automatic,suv,0,1,2385989.83
Hyundai,Ioniq 5,2024,32855,excellent,electric,automatic,sedan,0,4,11907899.68
Ford,Escape,2016,110510,good,gasoline,manual,suv,1,3,1699737.5
Chevrolet,Traverse,2018,118596,fair,gasoline,automatic,suv,0,1,3072349.1
BMW,i4,2023,43376,good,electric,automatic,sedan,0,4,11643592.5
Nissan,Altima,2010,285391,excellent,gasoline,automatic,sedan,0,2,774878.08
Honda,Accord,2022,27581,good,gasoline,automatic,sedan,0,3,5202603.11
Chevrolet,Malibu,2008,120607,fair,gasoline,automatic,wagon,1,3,559290.14
Honda,Accord,2021,72280,poor,hybrid,automatic,sedan,0,4,2456046.75
Toyota,Prius,2023,40071,excellent,hybrid,automatic,hatchback,0,1,6450642.67
Tesla,Model X,2021,74785,good,electric,automatic,suv,0,2,14006351.4
Honda,Fit,2015,176023,good,gasoline,automatic,hatchback,0,4,701843.31
Ford,Explorer,2016,25135,good,gasoline,automatic,suv,1,3,3880324.5
Honda,Pilot,2024,33796,fair,hybrid,automatic,suv,0,2,9466902.85
Ford,Explorer,2007,121192,excellent,gasoline,manual,suv,0,5,1440110.93
Tesla,Model S,2023,49054,fair,electric,automatic,sedan,0,3,12632175.86
Tesla,Model 3,2021,75369,fair,electric,automatic,sedan,0,1,4826091.44
Nissan,Leaf,2008,111552,good,electric,automatic,hatchback,0,2,1216212.69
BMW,5 Series,2018,115789,fair,gasoline,automatic,wagon,0,2,3839207.02
BMW,X3,2007,150375,excellent,gasoline,automatic,suv,0,2,1662268.15
Tesla,Model 3,2016,113588,fair,electric,automatic,wagon,0,2,2730046.69
Hyundai,Tucson,2006,178258,excellent,gasoline,automatic,suv,0,1,790451.93
Tesla,Model X,2008,109506,fair,electric,automatic,suv,1,1,2897758.77
Chevrolet,Silverado,2013,175361,fair,gasoline,automatic,truck,0,1,1777824.14
Honda,Fit,2011,186194,good,gasoline,automatic,hatchback,1,2,452832.47
Toyota,RAV4,2018,55275,good,hybrid,automatic,suv,0,1,4232154.47
BMW,5 Series,2011,265595,fair,gasoline,automatic,sedan,0,5,1167863.93
Honda,Accord,2011,81112,good,gasoline,automatic,sedan,0,4,1388156.41
Honda,CR-V,2018,73687,fair,gasoline,manual,suv,0,5,2303594.7
Ford,F-150,2014,164240,fair,gasoline,automatic,truck,0,3,2060950.81
Chevrolet,Silverado,2010,221275,fair,diesel,automatic,truck,0,1,1224959.1
Hyundai,Elantra,2007,283601,excellent,gasoline,manual,sedan,0,1,547231.72
BMW,5 Series,2015,49824,excellent,hybrid,manual,sedan,0,1,6039241.43
Toyota,Highlander,2013,32375,good,hybrid,automatic,suv,1,3,2574508.52
Toyota,Prius,2020,46151,good,hybrid,automatic,hatchback,0,1,4359203.56
Nissan,Sentra,2007,106054,good,gasoline,automatic,sedan,0,3,759390.47
Tesla,Model Y,2005,291825,excellent,electric,automatic,suv,0,1,1243917.15
Chevrolet,Bolt,2005,309978,fair,electric,automatic,hatchback,0,3,442065.33
Tesla,Model X,2009,91358,excellent,electric,automatic,suv,0,2,5456609.88
Chevrolet,Equinox,2008,234368,good,gasoline,automatic,suv,1,1,544195.69
BMW,X3,2019,75312,fair,gasoline,automatic,suv,0,1,4755905.21
BMW,3 Series,2016,174389,fair,gasoline,automatic,sedan,0,3,1818412.14
Ford,F-150,2011,169274,good,gasoline,automatic,truck,1,1,1423817.87
Nissan,Sentra,2020,32048,fair,diesel,automatic,sedan,0,3,2489428.59
Honda,Accord,2017,26519,poor,gasoline,automatic,sedan,0,1,2167534.47
Chevrolet,Traverse,2020,90761,fair,gasoline,automatic,suv,0,1,4298989.14
Nissan,Rogue,2006,227604,good,hybrid,automatic,suv,0,1,740227.7
Toyota,Camry,2013,57418,good,gasoline,automatic,sedan,0,5,1842088.2
Honda,Civic,2008,110649,good,gasoline,automatic,sedan,0,1,922585.23
Chevrolet,Equinox,2025,18861,excellent,gasoline,automatic,suv,0,2,9196481.9
Tesla,Model 3,2023,19792,fair,electric,automatic,sedan,0,2,8060745.16
Honda,Pilot,2010,278365,excellent,gasoline,manual,suv,0,3,1129387.4
Hyundai,Sonata,2021,22146,fair,gasoline,manual,sedan,0,1,3360321.39
Toyota,Camry,2013,214908,good,gasoline,automatic,sedan,0,1,880055.6
Chevrolet,Equinox,2015,73990,good,gasoline,automatic,suv,0,3,2362177.52
BMW,X3,2018,113847,good,gasoline,automatic,suv,0,1,4500908.89
Toyota,Prius,2017,140436,excellent,hybrid,automatic,hatchback,0,4,1954188.14
Chevrolet,Malibu,2017,83374,excellent,hybrid,manual,sedan,0,2,2807853.12
Nissan,Leaf,2020,52681,excellent,electric,automatic,hatchback,0,1,4668188.27
Hyundai,Tucson,2020,49448,fair,hybrid,automatic,suv,0,1,4874792.6
Hyundai,Tucson,2016,126669,excellent,gasoline,automatic,suv,0,3,2462866.38
Nissan,Leaf,2022,12656,excellent,electric,automatic,hatchback,0,2,6796164.63
Ford,Mustang,2016,161536,fair,gasoline,automatic,coupe,0,5,1526356.83
Toyota,Corolla,2008,297329,excellent,gasoline,automatic,sedan,0,5,482129.91
Honda,Pilot,2023,14850,good,hybrid,manual,suv,0,1,10373944.02
Chevrolet,Traverse,2018,25655,fair,gasoline,automatic,suv,0,2,4320282.64
BMW,X5,2019,118242,good,gasoline,automatic,suv,0,2,6475883.01
Toyota,Prius,2024,9785,good,hybrid,automatic,hatchback,0,3,6777973.65
Toyota,Camry,2011,170000,good,diesel,manual,sedan,0,2,830626.71
Toyota,Camry,2014,75544,poor,gasoline,automatic,sedan,0,3,1316520.0
BMW,X3,2018,50039,excellent,gasoline,automatic,suv,0,3,7625226.48
Ford,Mustang,2010,126448,fair,gasoline,automatic,coupe,0,2,1505406.22
Tesla,Model S,2007,150986,fair,electric,automatic,sedan,0,1,2027128.97
Nissan,Sentra,2023,7286,good,gasoline,automatic,sedan,0,1,4581850.96
Toyota,Camry,2009,262655,good,gasoline,automatic,sedan,0,2,601162.52
Tesla,Model S,2024,30054,good,electric,automatic,sedan,0,1,19701816.08
Honda,Pilot,2014,39829,fair,gasoline,automatic,suv,0,2,3363780.34
Chevrolet,Bolt,2025,8728,poor,electric,automatic,hatchback,0,1,5401680.04
Chevrolet,Malibu,2006,59473,good,diesel,automatic,sedan,0,1,1155181.34
Tesla,Model Y,2005,350000,fair,electric,automatic,suv,0,1,780961.56
Honda,Civic,2012,77608,good,gasoline,automatic,sedan,0,2,1355423.74
Ford,Escape,2009,145212,fair,gasoline,automatic,suv,0,2,793151.64
Ford,Mustang,2011,98224,fair,hybrid,automatic,coupe,0,5,1758683.28
Toyota,RAV4,2017,132057,good,hybrid,automatic,suv,0,3,2391217.47
Toyota,RAV4,2020,91504,fair,gasoline,automatic,suv,0,1,3002520.26
Honda,Civic,2013,145839,good,gasoline,automatic,sedan,0,1,1321680.94
Honda,Fit,2018,138267,good,gasoline,automatic,hatchback,1,1,1121686.24
Chevrolet,Traverse,2023,60824,fair,gasoline,automatic,suv,0,2,5769603.08
Nissan,Leaf,2022,73878,fair,electric,automatic,hatchback,0,1,3933898.44
Chevrolet,Silverado,2021,88871,good,gasoline,automatic,truck,0,1,7435210.97
Toyota,RAV4,2005,300076,good,gasoline,automatic,suv,0,3,603104.88
Toyota,Corolla,2017,126690,fair,gasoline,automatic,sedan,0,5,1270659.74
Chevrolet,Traverse,2019,45322,excellent,gasoline,automatic,suv,0,3,5499749.21
Hyundai,Santa Fe,2024,34305,good,hybrid,automatic,suv,1,1,7677410.41
Tesla,Model S,2024,19255,good,electric,automatic,sedan,1,3,15471736.34
Nissan,Rogue,2008,66386,fair,gasoline,automatic,suv,0,1,1348341.33
BMW,3 Series,2018,81910,fair,gasoline,automatic,wagon,0,3,3301919.49
Tesla,Model Y,2024,30639,good,electric,automatic,suv,0,1,12829414.0
Honda,CR-V,2023,47494,fair,hybrid,automatic,suv,0,1,6327700.23
Nissan,Rogue,2020,66622,excellent,hybrid,automatic,suv,0,1,5511697.69
Tesla,Model 3,2017,77289,fair,electric,automatic,sedan,0,1,3811993.12
Chevrolet,Malibu,2017,141219,fair,gasoline,automatic,sedan,1,3,1054393.28
Honda,Pilot,2012,186541,fair,gasoline,automatic,suv,0,1,1169728.79
Honda,CR-V,2005,258411,fair,gasoline,automatic,suv,0,3,474393.75
Tesla,Model X,2006,77117,poor,electric,automatic,suv,0,5,2264644.63
Honda,Accord,2007,97109,good,gasoline,automatic,sedan,0,3,1183437.45
BMW,i4,2005,165685,fair,electric,automatic,sedan,0,2,1159561.25
Chevrolet,Bolt,2005,313132,fair,electric,automatic,hatchback,0,2,446203.2
Hyundai,Sonata,2017,130855,excellent,gasoline,automatic,sedan,0,4,1831926.52
Chevrolet,Silverado,2021,45671,good,diesel,manual,truck,0,1,6735990.2
Hyundai,Ioniq 5,2021,54894,good,electric,automatic,sedan,0,1,7099397.21
Hyundai,Tucson,2024,30236,good,gasoline,automatic,suv,0,4,6063292.94
Tesla,Model Y,2011,152446,good,electric,automatic,suv,0,1,2073707.67
Honda,Fit,2011,94988,fair,gasoline,automatic,hatchback,1,2,652040.18
Chevrolet,Equinox,2023,22759,good,gasoline,automatic,suv,0,2,6861141.15
Tesla,Model 3,2017,122419,excellent,electric,automatic,sedan,0,2,4079847.42
Toyota,Highlander,2011,272409,poor,gasoline,automatic,suv,0,1,779267.26
Toyota,RAV4,2007,334843,good,gasoline,automatic,suv,1,1,521382.49
Nissan,Pathfinder,2007,279230,good,gasoline,automatic,suv,0,2,841983.82
BMW,X3,2019,38542,excellent,gasoline,automatic,suv,0,1,8841437.61
Hyundai,Ioniq 5,2023,28372,good,electric,automatic,sedan,0,1,10298973.55
Nissan,Altima,2024,23190,excellent,gasoline,automatic,sedan,0,2,6825515.34
Tesla,Model X,2012,137997,good,electric,automatic,suv,1,5,3781917.53
Ford,Focus,2015,114416,good,gasoline,automatic,hatchback,1,4,842432.91
Tesla,Model 3,2018,20584,excellent,electric,automatic,sedan,0,2,6779406.46
Tesla,Model S,2009,76384,good,electric,automatic,sedan,0,3,4460065.89
Toyota,Camry,2018,101827,fair,gasoline,manual,sedan,1,2,1782133.67
Tesla,Model 3,2009,229732,good,electric,automatic,sedan,0,1,1159643.69
Toyota,Prius,2021,90955,fair,hybrid,manual,hatchback,0,2,3136476.81
Honda,CR-V,2009,89804,fair,gasoline,automatic,suv,0,1,1373397.62
Ford,Focus,2024,22182,good,gasoline,automatic,hatchback,0,2,5097664.32
Ford,F-150,2008,163195,excellent,gasoline,automatic,truck,0,4,1298974.51
Toyota,Highlander,2021,27475,good,gasoline,automatic,suv,0,4,7306773.21
Hyundai,Sonata,2011,187263,good,gasoline,automatic,sedan,1,3,593638.49
Toyota,Prius,2023,46825,good,hybrid,automatic,hatchback,0,2,5155217.7
Nissan,Leaf,2011,73157,fair,electric,automatic,hatchback,0,1,1515621.92
Hyundai,Tucson,2013,161175,fair,gasoline,manual,suv,0,4,1004470.94
Chevrolet,Bolt,2016,66434,poor,electric,automatic,hatchback,0,1,2171083.96
Nissan,Sentra,2019,68793,good,diesel,automatic,sedan,1,1,2433150.79
Hyundai,Ioniq 5,2015,38826,good,electric,automatic,sedan,1,2,3780145.28
Honda,Fit,2014,74594,excellent,diesel,manual,hatchback,0,1,1509294.27
Ford,F-150,2013,187769,fair,gasoline,automatic,truck,0,3,1379930.0
Nissan,Pathfinder,2015,66312,excellent,diesel,automatic,suv,0,2,3749639.1
Ford,Mustang,2024,30258,good,gasoline,automatic,coupe,0,5,7389389.19
Honda,Civic,2006,248498,excellent,gasoline,automatic,sedan,0,2,488218.7
Hyundai,Ioniq 5,2005,310303,fair,electric,automatic,sedan,0,3,603322.45
Hyundai,Ioniq 5,2005,348370,good,electric,automatic,sedan,1,1,681833.05
BMW,3 Series,2005,296953,good,gasoline,automatic,sedan,1,1,550321.16
Ford,F-150,2020,51414,fair,hybrid,manual,truck,0,2,6140619.63
BMW,3 Series,2020,64572,good,gasoline,automatic,sedan,0,4,4609311.06
Hyundai,Ioniq 5,2007,126365,excellent,electric,automatic,sedan,1,1,1562448.54
Honda,CR-V,2011,45976,fair,gasoline,automatic,suv,0,1,2128420.79
Tesla,Model Y,2021,75557,good,electric,automatic,suv,1,4,5496795.23
Honda,Civic,2021,15193,fair,gasoline,automatic,sedan,0,1,3852458.42
BMW,X3,2015,173645,good,gasoline,automatic,suv,0,3,2313119.83
Tesla,Model 3,2013,124561,poor,electric,automatic,sedan,0,2,1461262.56
Chevrolet,Silverado,2016,184068,good,diesel,automatic,truck,0,1,2670749.73
BMW,3 Series,2016,42732,good,gasoline,automatic,sedan,1,4,3011016.72
Hyundai,Ioniq 5,2013,145760,fair,electric,automatic,sedan,1,3,1502261.3
Ford,Escape,2020,34269,fair,gasoline,automatic,suv,0,1,4210947.05
Ford,Focus,2012,109211,fair,gasoline,manual,hatchback,0,2,815725.58
Toyota,Camry,2019,117281,fair,gasoline,automatic,sedan,0,1,1976699.21
Tesla,Model X,2015,136144,fair,electric,automatic,suv,0,1,5254730.83
Ford,F-150,2017,116768,good,gasoline,automatic,truck,0,1,4243197.16
Nissan,Rogue,2009,213168,good,hybrid,manual,suv,0,2,767082.16
Honda,Pilot,2014,127633,fair,gasoline,automatic,suv,0,1,2246290.9
Toyota,Highlander,2021,45998,fair,gasoline,automatic,suv,0,1,6030484.12
Hyundai,Sonata,2005,255846,excellent,gasoline,automatic,sedan,0,2,497656.14
Tesla,Model 3,2014,49736,good,electric,automatic,sedan,0,1,4188851.61
Toyota,Corolla,2018,101735,good,gasoline,automatic,sedan,0,1,2428336.98
Honda,Accord,2022,12982,excellent,diesel,automatic,sedan,0,4,6500739.83
Tesla,Model X,2018,63921,good,electric,automatic,suv,0,1,13950287.5
Ford,Explorer,2014,30602,excellent,gasoline,automatic,suv,0,1,4740303.92
Hyundai,Sonata,2013,61601,poor,gasoline,automatic,sedan,1,1,960142.72
BMW,i4,2007,344382,fair,electric,automatic,sedan,1,1,884055.97
Toyota,Prius,2017,48899,poor,hybrid,automatic,hatchback,0,2,1839784.49
Honda,Accord,2020,102377,excellent,gasoline,automatic,sedan,0,2,3553742.58
Honda,CR-V,2012,170604,good,gasoline,automatic,suv,0,2,1291510.91
Hyundai,Santa Fe,2005,154643,good,gasoline,manual,suv,0,2,753582.52
Chevrolet,Bolt,2006,202515,excellent,electric,automatic,hatchback,0,1,698553.87
Chevrolet,Malibu,2009,115850,good,gasoline,automatic,sedan,0,2,998906.95
Toyota,Highlander,2017,123798,good,gasoline,automatic,suv,0,2,3381452.38
Tesla,Model S,2008,88755,fair,electric,automatic,sedan,0,3,3263178.41
Chevrolet,Malibu,2023,60247,good,gasoline,automatic,sedan,0,1,4561097.85
Honda,Civic,2024,26511,good,gasoline,automatic,sedan,1,1,4326523.37
Honda,CR-V,2011,141646,excellent,gasoline,automatic,suv,1,1,1350540.08
Ford,F-150,2024,26364,good,gasoline,automatic,truck,0,2,12145911.92
Ford,Mustang,2014,160341,excellent,hybrid,automatic,coupe,0,1,2250088.7
Ford,Escape,2024,28563,excellent,gasoline,automatic,suv,0,1,9156669.99
BMW,5 Series,2006,151159,fair,gasoline,automatic,sedan,0,2,1079692.92
BMW,X5,2025,22643,fair,gasoline,automatic,suv,0,3,12074385.84
Honda,Accord,2020,81178,fair,gasoline,automatic,sedan,0,1,2956513.66
Toyota,Highlander,2006,266198,good,gasoline,automatic,suv,1,1,580343.52
Chevrolet,Malibu,2012,237444,fair,gasoline,automatic,sedan,0,2,682992.02
Toyota,Camry,2016,30302,good,gasoline,manual,sedan,1,2,1980725.51
Ford,Focus,2005,279161,excellent,gasoline,automatic,hatchback,0,2,386244.74
Toyota,RAV4,2020,98748,excellent,hybrid,automatic,suv,0,3,4763708.12
Hyundai,Sonata,2023,48969,fair,gasoline,automatic,sedan,1,1,2962485.11
Honda,Accord,2011,171314,excellent,diesel,automatic,sedan,0,4,1060546.65
BMW,X5,2008,125064,good,gasoline,automatic,suv,0,1,2368241.31
Nissan,Leaf,2011,223204,good,electric,automatic,hatchback,0,1,869833.62
Honda,Fit,2022,49005,good,gasoline,automatic,hatchback,1,5,2007174.93
Ford,Escape,2022,61697,poor,gasoline,automatic,suv,0,2,3226310.72
Honda,Accord,2006,285689,good,hybrid,automatic,sedan,0,2,490600.9
Chevrolet,Bolt,2010,89127,good,electric,automatic,hatchback,0,2,1713196.35
BMW,3 Series,2009,226711,excellent,gasoline,automatic,sedan,0,1,1233900.83
Honda,Accord,2025,8187,fair,gasoline,automatic,sedan,1,1,4576200.74
BMW,5 Series,2008,297981,fair,diesel,automatic,sedan,0,4,912804.16
BMW,5 Series,2020,61172,poor,hybrid,automatic,sedan,0,2,5281511.24
Hyundai,Sonata,2011,232414,good,gasoline,automatic,sedan,0,2,695000.11
Ford,Explorer,2019,69152,good,gasoline,manual,suv,0,3,4927715.71
Toyota,RAV4,2006,350000,excellent,hybrid,automatic,suv,0,3,688498.28
Honda,Accord,2010,278285,excellent,gasoline,manual,sedan,0,1,781463.72
Chevrolet,Traverse,2019,37502,fair,gasoline,automatic,suv,0,1,5139407.48
Honda,CR-V,2013,159666,fair,gasoline,automatic,suv,0,1,1237835.18
Nissan,Pathfinder,2015,75017,excellent,gasoline,automatic,suv,0,2,3414535.87
Tesla,Model X,2005,162777,excellent,electric,automatic,suv,0,1,3002195.96
BMW,X3,2014,50247,good,diesel,automatic,suv,0,2,4692456.0
Chevrolet,Silverado,2025,7355,poor,gasoline,automatic,truck,0,5,6732764.1
Nissan,Rogue,2019,23592,excellent,hybrid,automatic,suv,0,3,5459379.44
Chevrolet,Equinox,2009,65876,fair,gasoline,automatic,suv,0,5,1226827.74
Honda,Civic,2016,138769,fair,gasoline,automatic,sedan,0,2,1303354.92
Ford,Mustang,2022,28773,excellent,gasoline,automatic,coupe,0,5,7135006.02
BMW,X5,2022,55813,fair,diesel,automatic,suv,0,1,9571665.29
Ford,Escape,2024,28523,fair,gasoline,automatic,suv,0,3,6154660.14
Hyundai,Elantra,2024,15767,fair,gasoline,manual,wagon,0,2,3594342.72
Tesla,Model 3,2008,66511,poor,electric,automatic,wagon,0,2,1500209.54
Ford,Explorer,2018,113270,good,gasoline,automatic,suv,0,1,4207629.91
Toyota,Camry,2019,120054,good,gasoline,automatic,sedan,0,2,2611570.28
Tesla,Model X,2010,159694,fair,electric,automatic,suv,0,2,2953651.11
Honda,Civic,2016,112072,poor,gasoline,manual,sedan,0,1,1173109.95
Nissan,Leaf,2008,282320,good,electric,automatic,hatchback,0,2,663085.01
Ford,Explorer,2008,250677,good,gasoline,automatic,suv,0,1,1083696.1
Tesla,Model S,2013,190077,good,electric,automatic,sedan,0,2,2920054.26
BMW,3 Series,2014,78359,good,gasoline,automatic,wagon,0,2,3210466.75
BMW,i4,2006,192438,good,electric,automatic,sedan,0,3,1176578.41
Honda,Pilot,2007,191884,poor,gasoline,automatic,suv,0,3,519167.61
Tesla,Model S,2005,170893,fair,electric,automatic,sedan,0,1,1690501.49
Ford,Focus,2017,164056,fair,diesel,automatic,hatchback,0,1,996354.36
Chevrolet,Bolt,2010,194738,excellent,electric,automatic,hatchback,0,2,915715.31
Hyundai,Santa Fe,2019,85675,fair,gasoline,automatic,suv,0,3,3287308.23
Toyota,Corolla,2015,152200,fair,gasoline,automatic,sedan,0,2,1108866.15
BMW,X5,2007,147297,poor,gasoline,automatic,suv,0,1,1209833.51
Hyundai,Elantra,2021,31081,good,gasoline,automatic,sedan,0,1,3724436.23
Chevrolet,Traverse,2015,109421,fair,gasoline,automatic,suv,0,3,2006177.28
Ford,Explorer,2020,100662,excellent,gasoline,manual,suv,0,2,5191887.87
Tesla,Model 3,2022,14522,good,electric,automatic,sedan,0,2,9743514.01
Chevrolet,Silverado,2017,114565,fair,gasoline,automatic,truck,0,1,3645569.2
Hyundai,Santa Fe,2021,10375,good,gasoline,manual,suv,1,5,4676659.44
Toyota,Highlander,2006,238387,fair,diesel,automatic,suv,0,1,764780.59
Chevrolet,Equinox,2012,225625,fair,gasoline,automatic,suv,1,3,587347.6
Nissan,Rogue,2007,191580,good,gasoline,automatic,suv,0,1,708750.68
Chevrolet,Silverado,2014,136809,good,gasoline,automatic,truck,0,1,2679192.83
Toyota,Highlander,2007,131939,good,gasoline,manual,suv,0,1,1364068.83
Honda,Pilot,2008,60516,fair,gasoline,automatic,suv,0,2,1803885.23
Nissan,Sentra,2024,39749,fair,diesel,automatic,sedan,0,2,3985563.4
Chevrolet,Malibu,2008,147015,good,gasoline,automatic,sedan,0,2,816503.46
BMW,X3,2016,113699,good,gasoline,automatic,suv,0,1,4443116.53
Ford,Mustang,2007,229029,fair,gasoline,automatic,coupe,0,1,715169.01
Tesla,Model Y,2020,40676,fair,electric,automatic,suv,0,1,7376004.76
Hyundai,Tucson,2005,91102,fair,diesel,automatic,suv,0,1,944577.98
Ford,Mustang,2013,159147,fair,gasoline,automatic,coupe,1,3,1019483.41
Honda,Accord,2014,73816,good,gasoline,automatic,sedan,0,2,2365029.64
Tesla,Model Y,2014,177052,good,electric,automatic,suv,0,1,2637293.45
Ford,Escape,2019,108494,good,gasoline,automatic,suv,0,2,2893068.05
Chevrolet,Silverado,2009,126189,excellent,gasoline,automatic,truck,0,1,2370136.04
Chevrolet,Traverse,2022,20135,excellent,gasoline,automatic,suv,0,2,9368146.73
Ford,Escape,2011,216245,excellent,gasoline,automatic,suv,0,1,1113369.45
Toyota,Highlander,2019,82369,fair,gasoline,automatic,suv,0,2,4015443.88
Toyota,Prius,2022,40108,fair,hybrid,manual,hatchback,0,2,4317978.52
Tesla,Model Y,2012,203209,good,electric,automatic,suv,0,3,1519943.0
Honda,Accord,2018,121858,good,gasoline,automatic,sedan,0,4,2085197.71
Hyundai,Sonata,2024,38951,good,gasoline,automatic,sedan,0,1,5778670.67
Nissan,Leaf,2019,58874,poor,electric,automatic,hatchback,0,2,2252868.62
Chevrolet,Equinox,2025,9180,good,gasoline,automatic,suv,1,2,6197512.88
Chevrolet,Traverse,2013,110323,fair,gasoline,automatic,suv,0,2,2115117.46
Tesla,Model Y,2016,169875,good,electric,automatic,suv,1,1,2312224.09
Nissan,Sentra,2011,61808,good,gasoline,automatic,sedan,0,3,1193408.56
Nissan,Rogue,2012,59646,good,gasoline,manual,suv,0,4,1775471.65
Ford,F-150,2014,183709,good,gasoline,automatic,truck,0,1,2225683.2
Hyundai,Sonata,2016,133124,good,gasoline,automatic,sedan,0,3,1761271.69
Hyundai,Santa Fe,2015,33266,good,gasoline,automatic,suv,0,2,3529426.22
Chevrolet,Equinox,2024,20799,good,gasoline,automatic,suv,0,2,7064430.03
Nissan,Pathfinder,2016,154931,good,gasoline,automatic,suv,0,3,2238635.48
Nissan,Rogue,2011,256158,good,gasoline,manual,suv,0,2,796427.44
Tesla,Model Y,2012,78098,fair,electric,automatic,suv,0,1,3677073.43
Ford,Focus,2007,81702,good,gasoline,manual,hatchback,0,1,790484.59
Honda,Pilot,2025,18602,fair,gasoline,automatic,suv,0,3,7999649.82
Honda,Pilot,2016,162638,fair,diesel,automatic,suv,1,2,1558907.72
Nissan,Rogue,2020,98856,fair,gasoline,automatic,suv,0,2,3265959.39
Toyota,Camry,2012,52266,good,hybrid,automatic,sedan,0,1,2063119.16
Toyota,RAV4,2025,17794,good,diesel,automatic,suv,0,1,9703003.65
Nissan,Altima,2006,350000,good,gasoline,automatic,sedan,0,3,476671.51
Ford,Focus,2006,100729,good,diesel,automatic,hatchback,0,1,723297.2
Ford,Escape,2007,199344,excellent,gasoline,automatic,suv,0,1,747890.91
Honda,Fit,2016,52073,good,gasoline,automatic,hatchback,0,2,1805514.7
Ford,F-150,2023,18560,fair,hybrid,automatic,truck,0,4,8037099.15
Ford,Focus,2021,50676,poor,gasoline,manual,hatchback,0,3,1706646.44
Hyundai,Sonata,2013,79852,good,gasoline,automatic,sedan,0,2,1826753.84
Honda,Pilot,2006,47354,excellent,hybrid,automatic,suv,1,2,1879584.59
Honda,Accord,2007,167987,good,gasoline,automatic,sedan,0,1,777247.83
Ford,F-150,2024,9835,good,gasoline,automatic,truck,0,1,13924438.83
Nissan,Altima,2007,142434,good,gasoline,automatic,wagon,0,1,853591.67
Tesla,Model S,2008,213727,fair,electric,automatic,sedan,0,1,1789438.27
BMW,5 Series,2018,139589,good,gasoline,automatic,sedan,0,3,4494501.06
Chevrolet,Malibu,2019,73501,good,gasoline,automatic,sedan,0,2,3020673.26
Toyota,Highlander,2006,156033,good,diesel,automatic,suv,0,1,1237065.73
Toyota,Corolla,2012,49195,excellent,gasoline,automatic,sedan,0,2,1804132.89
Ford,Mustang,2023,45048,poor,gasoline,automatic,coupe,0,1,4928339.33
Hyundai,Tucson,2025,13999,fair,gasoline,automatic,suv,0,5,5976876.45
Chevrolet,Bolt,2022,25034,good,electric,automatic,hatchback,0,1,6910743.42
Nissan,Rogue,2005,246541,excellent,hybrid,automatic,suv,0,1,750479.15
Tesla,Model X,2010,199803,good,electric,automatic,suv,0,1,2849542.25
Toyota,Highlander,2015,32980,poor,gasoline,automatic,suv,0,1,2821696.65
Chevrolet,Malibu,2010,171457,good,gasoline,automatic,sedan,0,2,791158.4
Toyota,Highlander,2008,57017,poor,hybrid,automatic,suv,1,1,1070250.9
BMW,X5,2008,282718,poor,gasoline,automatic,suv,0,3,867607.09
BMW,X5,2019,121325,fair,gasoline,automatic,suv,0,1,5216920.83
Honda,Fit,2006,301903,fair,gasoline,automatic,hatchback,0,1,333600.0
Ford,Focus,2011,116336,excellent,gasoline,automatic,hatchback,0,2,972141.5
Ford,Explorer,2013,203437,fair,gasoline,automatic,suv,0,3,1142877.66
Chevrolet,Malibu,2011,78930,good,gasoline,automatic,sedan,1,1,1293485.92
Tesla,Model 3,2016,43337,fair,electric,automatic,sedan,0,4,4113522.06
Nissan,Altima,2016,131581,excellent,gasoline,automatic,wagon,0,1,1954386.72
Toyota,RAV4,2020,33181,good,gasoline,automatic,suv,0,3,5353019.85
Toyota,Corolla,2017,62423,good,hybrid,automatic,sedan,0,2,2512413.64
Toyota,Highlander,2025,17415,excellent,diesel,automatic,suv,1,3,9255850.11
Toyota,RAV4,2019,68463,good,gasoline,automatic,suv,0,3,3936668.12
Hyundai,Sonata,2013,171223,excellent,hybrid,manual,wagon,1,3,812615.38
Chevrolet,Bolt,2016,123552,excellent,electric,automatic,hatchback,0,2,2798529.36
Tesla,Model X,2023,30662,fair,electric,automatic,suv,1,1,15244359.76
BMW,X5,2022,39091,poor,gasoline,automatic,suv,0,2,6838200.36
Toyota,Prius,2023,19285,good,hybrid,manual,hatchback,0,1,5679997.58
Ford,Explorer,2024,24053,good,gasoline,automatic,suv,0,2,10211070.4
Toyota,Highlander,2006,350000,excellent,gasoline,manual,suv,0,3,836507.5
Tesla,Model S,2021,15646,fair,electric,automatic,sedan,0,1,14898931.63
Toyota,Highlander,2021,89852,excellent,gasoline,automatic,suv,0,2,6654747.54
BMW,5 Series,2010,202157,fair,gasoline,automatic,sedan,0,4,1209868.41
Honda,Fit,2017,67648,good,gasoline,automatic,hatchback,0,2,1952044.02
Honda,CR-V,2020,70713,poor,gasoline,automatic,suv,1,1,2444673.55
Chevrolet,Malibu,2018,91098,good,gasoline,automatic,sedan,0,3,2738759.52
Nissan,Altima,2021,33020,good,gasoline,automatic,sedan,0,2,4506065.46
BMW,X5,2006,98310,excellent,gasoline,automatic,suv,1,2,2178613.83
Chevrolet,Malibu,2012,34092,good,gasoline,automatic,sedan,0,1,2012222.46
Toyota,RAV4,2010,267526,good,gasoline,automatic,suv,0,1,819323.21
Honda,Accord,2012,183100,good,gasoline,automatic,sedan,0,2,890732.32
Hyundai,Sonata,2025,13858,excellent,gasoline,automatic,sedan,0,1,7343737.06
BMW,i4,2017,84746,good,electric,automatic,sedan,0,1,6031500.36
Tesla,Model S,2008,157766,fair,electric,automatic,sedan,0,2,2191880.12
Chevrolet,Traverse,2018,132377,fair,gasoline,automatic,suv,0,1,2488933.5
BMW,5 Series,2011,77538,good,gasoline,automatic,sedan,0,3,2807711.93
Nissan,Altima,2012,90609,fair,gasoline,automatic,sedan,0,3,1292654.91
Tesla,Model X,2016,91887,fair,electric,automatic,suv,0,1,7953487.1
Toyota,Camry,2020,53831,excellent,gasoline,automatic,wagon,1,1,3505145.04
Tesla,Model X,2023,47656,fair,electric,automatic,suv,0,1,16935200.35
Tesla,Model S,2010,114086,excellent,electric,automatic,sedan,0,1,5396226.14
Toyota,Prius,2012,99246,excellent,hybrid,automatic,hatchback,0,3,1657973.13
Nissan,Sentra,2009,228568,good,gasoline,automatic,sedan,0,1,543271.73
Tesla,Model S,2020,19424,excellent,electric,automatic,sedan,0,2,15552252.86
Ford,Escape,2010,110439,good,diesel,automatic,suv,0,1,1729602.74
Tesla,Model 3,2020,76270,good,electric,automatic,sedan,0,2,5634616.77
Tesla,Model 3,2023,11665,good,electric,automatic,wagon,0,2,9366089.98
Ford,Focus,2018,60905,fair,gasoline,automatic,hatchback,0,2,1800004.66
Chevrolet,Malibu,2006,261921,good,gasoline,automatic,sedan,0,2,507109.62
Hyundai,Tucson,2019,54962,good,gasoline,automatic,suv,0,2,4483179.65
Toyota,Prius,2005,212862,fair,hybrid,automatic,hatchback,1,2,333600.0
Hyundai,Elantra,2011,94055,fair,gasoline,automatic,sedan,0,1,1051526.56
Nissan,Sentra,2023,34558,good,gasoline,automatic,sedan,1,4,3113695.21
BMW,i4,2018,100846,good,electric,automatic,sedan,0,1,6057213.44
Chevrolet,Malibu,2011,91999,fair,gasoline,automatic,sedan,0,2,1241136.38
Ford,Explorer,2025,8962,fair,gasoline,automatic,suv,0,1,9216445.0
Nissan,Altima,2009,203977,excellent,gasoline,automatic,wagon,1,2,509275.45
Hyundai,Ioniq 5,2022,40546,poor,electric,automatic,sedan,0,1,5801587.92
Toyota,Camry,2010,157571,good,diesel,automatic,sedan,0,1,945024.18
Honda,CR-V,2007,254604,good,gasoline,automatic,suv,0,3,664475.62
Toyota,Highlander,2011,245859,poor,gasoline,automatic,suv,0,2,834341.93
Chevrolet,Silverado,2014,155332,fair,gasoline,automatic,truck,0,1,2039685.64
Tesla,Model S,2006,309927,good,electric,automatic,sedan,0,2,1757686.49
Chevrolet,Bolt,2025,12652,fair,electric,automatic,hatchback,0,1,6560246.18
Ford,F-150,2012,172463,good,gasoline,automatic,truck,0,1,1933698.97
Honda,CR-V,2020,22469,fair,gasoline,automatic,suv,0,1,4790048.11
BMW,3 Series,2024,34266,good,gasoline,automatic,sedan,0,1,9393345.11
Ford,F-150,2006,350000,good,gasoline,automatic,truck,0,1,1045510.56
Tesla,Model Y,2011,60005,poor,electric,automatic,suv,0,1,2240172.21
Honda,Pilot,2012,66869,fair,hybrid,automatic,suv,0,2,2667892.86
Tesla,Model Y,2023,11810,excellent,electric,automatic,suv,0,4,12770426.56
Nissan,Altima,2014,159959,excellent,diesel,automatic,wagon,0,4,1344524.87
Nissan,Sentra,2025,9220,good,hybrid,automatic,sedan,0,2,5329536.8
BMW,i4,2015,127859,good,electric,automatic,sedan,0,3,3762816.97
Ford,Focus,2019,102657,excellent,gasoline,manual,hatchback,1,2,1481382.03
Tesla,Model S,2013,157414,fair,electric,automatic,sedan,1,1,2709039.02
Chevrolet,Silverado,2009,137557,good,gasoline,automatic,truck,0,3,1844746.78
Nissan,Sentra,2014,133238,poor,hybrid,automatic,sedan,1,1,647779.06
Toyota,RAV4,2025,22667,poor,gasoline,automatic,suv,0,1,5199097.51
BMW,i4,2023,20172,good,electric,automatic,wagon,0,2,14419642.07
Tesla,Model Y,2010,135185,good,electric,automatic,suv,1,3,1630621.19
BMW,X5,2008,319398,good,gasoline,automatic,suv,0,1,1549164.69
Toyota,Camry,2021,47968,fair,gasoline,automatic,sedan,0,1,3327760.69
BMW,X5,2013,143499,good,gasoline,automatic,suv,0,2,3153449.09
Hyundai,Ioniq 5,2005,215970,good,electric,automatic,sedan,0,2,841145.38
Honda,Civic,2022,58270,good,gasoline,automatic,sedan,1,1,3229959.93
Nissan,Altima,2009,185765,fair,gasoline,automatic,sedan,0,2,488310.58
Toyota,Camry,2025,2676,good,gasoline,manual,sedan,0,5,5714795.43
Ford,Mustang,2008,191497,good,gasoline,automatic,coupe,0,3,786802.6
Chevrolet,Silverado,2012,81546,fair,gasoline,automatic,truck,0,1,2962287.25
Honda,Civic,2010,65551,excellent,hybrid,automatic,sedan,1,1,1389448.44
Hyundai,Tucson,2016,127404,fair,gasoline,automatic,suv,0,2,1860119.58
Toyota,Corolla,2015,83464,fair,hybrid,automatic,sedan,0,1,1683944.4
Honda,CR-V,2012,106024,fair,gasoline,automatic,suv,0,1,1884990.75
BMW,3 Series,2020,63834,good,gasoline,automatic,wagon,0,4,5018399.14
Nissan,Pathfinder,2010,281054,fair,gasoline,automatic,suv,0,3,911207.45
Ford,Focus,2016,135394,good,hybrid,automatic,hatchback,0,1,1493488.4
Tesla,Model Y,2023,48411,excellent,electric,automatic,suv,0,1,11529770.45
Hyundai,Tucson,2013,71141,excellent,gasoline,manual,suv,1,3,1712504.31
Hyundai,Ioniq 5,2010,72704,fair,electric,automatic,sedan,0,2,2230410.12
Chevrolet,Malibu,2023,56974,good,gasoline,automatic,sedan,0,1,5040613.35
Nissan,Altima,2020,66773,good,gasoline,automatic,wagon,0,1,3551958.9
Tesla,Model Y,2025,20857,fair,electric,automatic,suv,0,3,11620448.15
BMW,X5,2012,115813,good,gasoline,automatic,suv,0,3,3611301.85
Toyota,RAV4,2018,129977,good,hybrid,automatic,suv,0,1,3217981.68
BMW,i4,2008,182599,good,electric,automatic,sedan,0,1,1565932.78
Honda,Civic,2023,36453,good,gasoline,manual,sedan,0,1,4465643.16
Hyundai,Tucson,2008,231924,good,gasoline,automatic,suv,0,1,736497.69
BMW,i4,2005,129410,poor,electric,automatic,sedan,1,2,895934.67
Nissan,Sentra,2023,30447,good,gasoline,automatic,sedan,1,1,3650927.71
Honda,Civic,2008,62737,fair,gasoline,automatic,sedan,0,2,987692.08
Chevrolet,Equinox,2008,112901,fair,gasoline,automatic,suv,0,1,986869.42
Honda,Accord,2005,121433,excellent,gasoline,automatic,sedan,0,4,734275.47
Ford,Focus,2016,176144,fair,gasoline,automatic,hatchback,0,4,716938.68
Nissan,Leaf,2016,172863,fair,electric,automatic,hatchback,0,1,1289193.0
Toyota,Camry,2005,350000,excellent,gasoline,automatic,sedan,0,3,519526.91
Toyota,Prius,2025,14026,excellent,hybrid,manual,hatchback,0,1,7529503.39
Tesla,Model Y,2018,78447,good,electric,automatic,suv,1,2,4539572.05
Tesla,Model X,2023,31028,fair,electric,automatic,suv,0,2,18141417.02
Ford,F-150,2009,296905,fair,gasoline,automatic,truck,1,1,772700.24
Tesla,Model X,2012,94639,good,electric,automatic,suv,0,1,7116457.46
Toyota,Highlander,2005,245056,fair,gasoline,automatic,suv,0,3,585686.63
Chevrolet,Malibu,2020,95485,fair,gasoline,automatic,sedan,1,1,2157634.89
Tesla,Model X,2022,62866,poor,electric,automatic,suv,0,1,10954644.12
Nissan,Pathfinder,2013,43926,fair,diesel,automatic,suv,0,3,2591702.3
Honda,Fit,2005,350000,good,gasoline,automatic,hatchback,0,1,333600.0
Honda,Accord,2025,15444,poor,gasoline,automatic,sedan,1,2,3519020.49
Tesla,Model X,2008,204865,good,electric,automatic,suv,0,4,2144164.7
Toyota,RAV4,2009,268700,good,gasoline,automatic,suv,0,3,752292.42
Hyundai,Sonata,2009,144455,good,gasoline,automatic,sedan,0,1,934370.37
Ford,Escape,2019,85638,good,gasoline,automatic,suv,0,1,3600606.27
Ford,Mustang,2012,121978,good,gasoline,automatic,coupe,0,2,2028343.51
Hyundai,Tucson,2008,320837,good,gasoline,automatic,suv,0,2,652667.31
Ford,Focus,2006,177922,good,gasoline,automatic,hatchback,0,1,433711.6
Chevrolet,Traverse,2021,93409,fair,gasoline,automatic,suv,0,1,4191090.27
BMW,i4,2020,72272,fair,electric,automatic,sedan,0,1,6914997.19
Chevrolet,Traverse,2022,25819,good,gasoline,automatic,suv,0,3,7339543.22
Chevrolet,Equinox,2017,69068,good,gasoline,automatic,suv,0,1,3125585.54
Chevrolet,Bolt,2022,37953,fair,electric,automatic,hatchback,0,2,4428444.98
Toyota,Highlander,2016,116061,good,gasoline,automatic,suv,1,1,2657120.5
Nissan,Rogue,2009,75497,excellent,gasoline,automatic,suv,0,2,1756316.94
Chevrolet,Equinox,2009,97130,good,gasoline,automatic,suv,0,1,1597913.63
Honda,CR-V,2012,234051,poor,gasoline,automatic,suv,0,1,718676.83
Ford,Explorer,2009,180719,poor,diesel,automatic,suv,1,2,543007.57
Toyota,Corolla,2007,88298,good,gasoline,automatic,sedan,0,2,939595.1
Hyundai,Ioniq 5,2021,88009,good,electric,automatic,sedan,0,1,6230801.88
Toyota,Corolla,2013,65716,good,gasoline,automatic,sedan,1,1,1421294.37
Ford,Explorer,2020,44796,good,gasoline,manual,suv,0,1,6486160.2
BMW,X3,2024,27323,excellent,gasoline,automatic,suv,0,1,12706525.5
Nissan,Rogue,2012,198122,fair,gasoline,automatic,suv,0,1,975909.81
Nissan,Sentra,2021,43781,poor,gasoline,automatic,sedan,0,1,2262339.98
Ford,Focus,2013,156994,fair,gasoline,automatic,hatchback,0,1,781881.9
Hyundai,Sonata,2011,177862,good,gasoline,manual,sedan,1,1,638610.2
Honda,Accord,2014,150340,excellent,gasoline,automatic,sedan,0,2,1616723.98
Hyundai,Santa Fe,2005,134475,excellent,diesel,automatic,suv,0,3,1202866.62
Hyundai,Tucson,2016,66824,poor,gasoline,automatic,suv,0,1,2095000.59
Honda,Fit,2016,178430,fair,diesel,automatic,hatchback,0,1,846179.41
Ford,Mustang,2022,59555,good,gasoline,manual,coupe,0,2,6232713.66
BMW,i4,2025,7431,excellent,electric,automatic,sedan,1,1,15178968.39
Hyundai,Santa Fe,2007,179745,good,gasoline,automatic,suv,0,4,726453.88
Tesla,Model 3,2014,130858,fair,electric,automatic,sedan,0,5,1850927.12
BMW,5 Series,2010,286867,fair,hybrid,manual,sedan,0,2,1199122.82
Chevrolet,Equinox,2009,78639,fair,gasoline,automatic,suv,1,4,860355.14
Tesla,Model S,2005,350000,good,electric,automatic,sedan,1,2,1354091.68
BMW,3 Series,2014,158423,fair,gasoline,automatic,sedan,0,2,1852365.57
Ford,Focus,2022,22565,excellent,gasoline,automatic,hatchback,0,3,4683089.29
Toyota,Corolla,2005,289519,poor,gasoline,automatic,sedan,0,1,333600.0
Chevrolet,Equinox,2011,268358,poor,gasoline,automatic,suv,0,1,593849.19
Nissan,Rogue,2007,323033,good,gasoline,automatic,suv,1,1,574857.75
Honda,CR-V,2016,88244,good,gasoline,automatic,suv,0,1,3114518.45
Chevrolet,Equinox,2010,205708,good,gasoline,automatic,suv,0,2,835557.63
BMW,X3,2022,72634,excellent,gasoline,automatic,suv,0,1,10091141.52
Chevrolet,Bolt,2020,94139,good,electric,automatic,hatchback,0,2,3746463.51
Honda,Accord,2009,131144,good,hybrid,automatic,sedan,0,1,1235064.25
Chevrolet,Traverse,2022,41277,fair,diesel,automatic,suv,0,1,6995198.95
Honda,Civic,2024,29237,good,gasoline,automatic,sedan,0,3,5070786.95
Chevrolet,Bolt,2009,133751,good,electric,automatic,hatchback,0,3,1031399.09
Chevrolet,Bolt,2013,205144,good,electric,automatic,hatchback,0,1,1090662.03
Nissan,Pathfinder,2023,55982,good,gasoline,automatic,suv,0,1,7761476.97
Ford,Mustang,2014,188545,excellent,hybrid,manual,coupe,0,2,1763906.34
Nissan,Sentra,2013,29704,excellent,diesel,automatic,sedan,0,1,2019316.66
Ford,Escape,2025,13851,excellent,gasoline,automatic,suv,0,2,9796533.4
Ford,F-150,2006,90235,excellent,gasoline,automatic,truck,1,2,1636500.68
Chevrolet,Malibu,2016,65696,poor,gasoline,automatic,wagon,0,3,1330624.18
Honda,Pilot,2005,271207,good,diesel,automatic,suv,0,3,840227.82
Honda,Fit,2025,20343,good,gasoline,automatic,hatchback,0,1,4621930.03
Chevrolet,Bolt,2011,233136,fair,electric,automatic,hatchback,0,1,770628.13
Ford,F-150,2006,254119,fair,diesel,automatic,truck,0,2,749092.76
Tesla,Model S,2013,208317,fair,electric,automatic,sedan,1,1,2288064.65
Ford,Focus,2007,194500,good,gasoline,automatic,hatchback,0,2,403371.41
Chevrolet,Bolt,2022,75756,good,electric,automatic,hatchback,0,1,5340437.1
Honda,CR-V,2021,22916,good,hybrid,automatic,suv,1,1,5081411.53
Hyundai,Ioniq 5,2011,204735,good,electric,automatic,sedan,1,4,1008392.4
Toyota,Highlander,2015,104055,fair,gasoline,automatic,suv,0,3,2381688.09
BMW,X3,2015,183714,excellent,gasoline,automatic,suv,0,2,2400963.76
Toyota,RAV4,2011,52995,good,gasoline,automatic,suv,0,1,2151432.81
Toyota,RAV4,2024,17365,poor,gasoline,automatic,suv,0,2,4904199.75
Honda,Pilot,2008,255439,excellent,gasoline,automatic,suv,0,1,1224494.12
BMW,i4,2014,28372,fair,electric,automatic,sedan,0,1,4899645.95
BMW,i4,2013,149732,good,electric,automatic,sedan,0,2,2939864.88
Honda,Fit,2009,92105,good,gasoline,automatic,hatchback,0,2,717584.71
Nissan,Leaf,2017,28568,fair,electric,automatic,hatchback,1,2,2222242.7
Hyundai,Tucson,2020,80216,fair,gasoline,automatic,suv,0,1,3521062.57
Hyundai,Sonata,2011,270224,excellent,gasoline,automatic,sedan,0,1,863118.7
Tesla,Model 3,2015,93559,fair,electric,automatic,sedan,0,1,3009056.68
Honda,Civic,2012,169686,good,gasoline,automatic,sedan,0,1,912643.91
Hyundai,Sonata,2017,112909,good,gasoline,automatic,sedan,0,2,1992779.02
Nissan,Altima,2005,201157,good,gasoline,automatic,sedan,0,5,381465.01
Tesla,Model S,2012,176844,excellent,electric,automatic,sedan,0,2,3617014.88
Honda,Fit,2018,83030,poor,gasoline,automatic,hatchback,0,1,1187006.48
Tesla,Model Y,2020,71046,excellent,electric,automatic,suv,1,1,7404589.75
Hyundai,Ioniq 5,2011,138697,excellent,electric,automatic,wagon,0,5,1982882.34
Honda,CR-V,2007,317378,excellent,gasoline,automatic,suv,0,1,950408.36
Ford,Focus,2012,249670,fair,diesel,manual,hatchback,1,1,411025.77
Chevrolet,Malibu,2024,36165,fair,gasoline,automatic,sedan,0,2,4753897.35
Chevrolet,Malibu,2016,76014,excellent,gasoline,automatic,wagon,0,4,2235350.44
Chevrolet,Equinox,2023,27866,fair,diesel,automatic,suv,1,2,4534374.6
Ford,Mustang,2024,31935,fair,gasoline,automatic,coupe,0,1,7003436.17
Ford,Mustang,2010,147296,fair,gasoline,automatic,coupe,0,3,1270299.94
Honda,Civic,2006,253060,excellent,gasoline,automatic,sedan,0,1,504225.17
BMW,3 Series,2005,210954,good,hybrid,automatic,sedan,0,2,785194.33
Honda,Pilot,2009,285817,fair,gasoline,automatic,suv,0,3,897061.47
Honda,CR-V,2013,120978,poor,gasoline,automatic,suv,0,1,1380148.42
Ford,Focus,2019,86641,good,gasoline,automatic,hatchback,1,3,1694671.19
Ford,Escape,2005,323478,good,gasoline,automatic,suv,1,1,450126.51
BMW,3 Series,2012,90754,good,gasoline,automatic,sedan,0,1,2721370.76
Ford,Mustang,2009,61704,fair,gasoline,automatic,coupe,0,1,1794669.69
Honda,Accord,2014,84110,good,gasoline,automatic,sedan,1,1,1719526.94
Chevrolet,Equinox,2017,144682,excellent,gasoline,automatic,suv,0,3,2190443.8
Ford,Escape,2018,100738,good,gasoline,automatic,suv,0,1,3048527.71
Nissan,Sentra,2005,86220,excellent,gasoline,automatic,sedan,0,3,784697.44
Hyundai,Santa Fe,2009,75704,good,hybrid,automatic,suv,0,2,1987901.09
Toyota,RAV4,2016,63590,excellent,gasoline,automatic,suv,0,3,3399763.77
Ford,Escape,2009,309570,good,gasoline,automatic,suv,0,4,630588.17
Chevrolet,Bolt,2015,52228,excellent,electric,automatic,hatchback,0,1,3292938.52
Ford,Escape,2010,270006,fair,hybrid,automatic,suv,0,1,785067.96
Honda,Fit,2017,142838,excellent,hybrid,automatic,hatchback,0,2,1575558.33
Hyundai,Sonata,2013,48584,good,gasoline,manual,sedan,0,2,1800803.69
Chevrolet,Silverado,2006,350000,good,gasoline,automatic,truck,0,2,912905.34
Chevrolet,Silverado,2014,71945,fair,diesel,automatic,truck,0,1,3655034.85
Chevrolet,Silverado,2025,10711,good,gasoline,manual,truck,0,1,12062672.18
Chevrolet,Traverse,2018,92867,poor,gasoline,automatic,suv,0,2,2301539.93
Nissan,Leaf,2008,79867,poor,electric,automatic,hatchback,0,2,918272.85
Toyota,Prius,2021,38659,excellent,hybrid,automatic,hatchback,0,1,5546297.53
Tesla,Model Y,2025,6662,poor,electric,automatic,suv,0,1,9840356.89
Chevrolet,Malibu,2010,116103,excellent,gasoline,automatic,sedan,0,3,1282589.59
Chevrolet,Traverse,2023,18668,fair,gasoline,automatic,suv,0,1,7993929.65
BMW,5 Series,2015,196341,excellent,gasoline,automatic,sedan,0,1,2369865.51
Tesla,Model X,2012,168362,fair,electric,automatic,suv,0,1,3387618.85
Hyundai,Ioniq 5,2025,16772,good,electric,automatic,wagon,1,1,9456852.36
Ford,Mustang,2008,137512,good,gasoline,automatic,coupe,1,2,876169.87
Honda,CR-V,2009,301555,good,gasoline,automatic,suv,1,3,600998.19
Tesla,Model 3,2017,99427,fair,electric,automatic,sedan,0,1,3858772.16
Toyota,Prius,2017,76868,good,hybrid,automatic,hatchback,1,2,2220169.5
Honda,Pilot,2008,66624,good,gasoline,automatic,suv,0,2,2179319.51
Tesla,Model X,2005,77401,good,electric,automatic,suv,0,3,3978155.65
Toyota,Prius,2019,74183,poor,hybrid,automatic,hatchback,0,2,2115043.08
Ford,Explorer,2019,113569,fair,gasoline,automatic,suv,0,2,3450780.66
Tesla,Model X,2021,21699,fair,electric,automatic,suv,0,1,16714739.72
Ford,Mustang,2014,68704,good,gasoline,automatic,coupe,0,1,3438286.45
Hyundai,Sonata,2023,58926,good,gasoline,automatic,sedan,0,1,4471167.49
BMW,5 Series,2013,87277,fair,hybrid,automatic,sedan,0,1,3544420.1
Ford,Mustang,2024,22894,good,gasoline,automatic,coupe,1,1,7247883.43
Chevrolet,Equinox,2017,38398,fair,hybrid,automatic,suv,0,1,3554650.28
BMW,5 Series,2006,237862,excellent,gasoline,automatic,sedan,0,2,1211524.39
Nissan,Leaf,2010,40946,poor,electric,automatic,hatchback,0,3,1195657.47
Chevrolet,Traverse,2007,147337,good,hybrid,automatic,suv,1,1,952849.42
Hyundai,Sonata,2020,50381,fair,gasoline,automatic,sedan,0,2,2654951.92
Tesla,Model S,2012,57724,good,electric,automatic,sedan,0,2,6649293.33
Chevrolet,Traverse,2012,146762,good,gasoline,automatic,suv,0,2,1884284.43
Honda,CR-V,2022,37648,excellent,gasoline,automatic,suv,0,1,7706701.07
Honda,CR-V,2023,44433,good,gasoline,automatic,suv,0,1,7388399.12
Chevrolet,Malibu,2013,131055,good,gasoline,automatic,sedan,1,4,935597.55
Ford,Focus,2023,40015,excellent,gasoline,automatic,hatchback,0,2,3764885.35
Toyota,Highlander,2016,127978,excellent,gasoline,automatic,suv,0,1,3225779.25
Tesla,Model Y,2005,107095,excellent,electric,automatic,suv,0,1,2292416.73
Tesla,Model Y,2005,350000,good,electric,automatic,suv,0,2,1015732.37
Chevrolet,Bolt,2013,142879,fair,electric,automatic,hatchback,0,2,1360542.77
Nissan,Rogue,2016,145522,fair,gasoline,automatic,suv,0,1,1583137.25
BMW,X3,2009,38477,fair,diesel,automatic,suv,0,4,2536428.87
Nissan,Leaf,2015,175320,good,electric,automatic,hatchback,0,3,1352557.09
Nissan,Sentra,2024,24670,fair,gasoline,automatic,sedan,0,1,3915710.7
Chevrolet,Bolt,2007,130233,good,electric,automatic,hatchback,0,1,1179396.81
Toyota,Highlander,2025,14271,good,gasoline,automatic,suv,0,1,10545919.0
Honda,Fit,2022,66796,fair,hybrid,automatic,hatchback,0,1,2794121.49
Honda,Pilot,2010,234837,good,gasoline,automatic,suv,0,1,1212792.87
Chevrolet,Bolt,2013,212653,poor,electric,automatic,hatchback,0,1,743148.78
Nissan,Pathfinder,2025,19777,good,gasoline,automatic,suv,0,2,10230245.53
Ford,Focus,2025,10151,fair,gasoline,automatic,hatchback,0,1,3937129.3
Tesla,Model S,2017,112753,poor,electric,automatic,sedan,0,2,5124659.68
Hyundai,Santa Fe,2016,165916,good,gasoline,automatic,suv,1,1,1736964.01
Chevrolet,Silverado,2024,28143,good,hybrid,automatic,truck,0,1,14566053.04
BMW,3 Series,2024,13737,good,gasoline,automatic,sedan,0,2,9577463.64
Chevrolet,Malibu,2019,102356,good,gasoline,automatic,sedan,0,2,2641319.38
Tesla,Model Y,2022,56471,excellent,electric,automatic,suv,0,1,8809703.96
Ford,Explorer,2018,87256,good,gasoline,automatic,suv,0,1,4992669.92
BMW,i4,2017,164807,good,electric,automatic,sedan,0,2,3883238.5
Chevrolet,Equinox,2014,124698,good,diesel,automatic,suv,1,2,1537177.33
Nissan,Rogue,2007,125691,good,gasoline,automatic,suv,0,4,1021615.63
BMW,5 Series,2023,19060,fair,gasoline,automatic,sedan,0,1,10419670.23
Ford,Focus,2005,108964,fair,gasoline,automatic,hatchback,0,2,512143.18
Hyundai,Tucson,2010,148897,fair,hybrid,automatic,suv,0,2,1157361.25
BMW,X5,2025,18336,good,gasoline,manual,suv,0,2,15799544.86
BMW,5 Series,2016,149890,fair,gasoline,automatic,sedan,0,2,2673776.3
Nissan,Rogue,2014,40170,fair,gasoline,automatic,suv,1,1,2066881.24
BMW,i4,2020,106717,excellent,electric,automatic,sedan,0,4,6933770.18
Tesla,Model 3,2009,120595,good,electric,automatic,sedan,0,2,1872316.08
Nissan,Altima,2007,295981,poor,hybrid,automatic,sedan,0,1,375453.93
Tesla,Model Y,2011,111527,fair,electric,automatic,suv,1,1,2140992.3
Nissan,Sentra,2022,30514,good,diesel,automatic,sedan,0,4,3955270.02
BMW,X5,2017,49327,good,gasoline,automatic,suv,1,1,6386422.86
Honda,CR-V,2022,70070,good,gasoline,automatic,suv,1,1,5024587.4
Tesla,Model 3,2005,350000,excellent,electric,automatic,sedan,0,2,983070.81
Nissan,Rogue,2009,231680,fair,gasoline,automatic,suv,0,2,660189.08
Nissan,Leaf,2016,162028,good,electric,automatic,hatchback,0,1,1753615.57
Nissan,Pathfinder,2013,227621,good,gasoline,automatic,suv,1,2,1008604.24
BMW,5 Series,2009,138613,good,gasoline,automatic,sedan,1,1,1855681.95
Nissan,Altima,2016,107498,fair,gasoline,automatic,sedan,0,5,1474465.8
Nissan,Sentra,2019,23493,fair,gasoline,manual,sedan,0,2,2386540.1
Honda,Civic,2017,157706,fair,gasoline,automatic,sedan,1,4,878032.06
BMW,5 Series,2006,244837,excellent,hybrid,automatic,sedan,0,1,1295971.15
Toyota,Camry,2017,124493,good,gasoline,automatic,wagon,0,5,1944605.07
Ford,F-150,2006,285015,excellent,gasoline,automatic,truck,0,1,1059195.86
Tesla,Model S,2008,306175,poor,electric,automatic,sedan,0,3,1259058.99
Nissan,Leaf,2018,138788,good,electric,automatic,hatchback,1,1,1787145.97
Hyundai,Ioniq 5,2010,79309,fair,electric,automatic,sedan,0,2,1990885.2
Nissan,Altima,2012,177807,good,diesel,automatic,sedan,0,3,867090.75
Tesla,Model X,2009,199176,excellent,electric,automatic,suv,0,1,3185936.33
Chevrolet,Bolt,2012,195174,fair,electric,automatic,hatchback,0,1,933168.36
Nissan,Altima,2012,59706,excellent,gasoline,automatic,sedan,0,1,2070918.28
Honda,Fit,2020,71927,poor,gasoline,manual,hatchback,1,1,1141450.19
BMW,i4,2012,194292,fair,electric,automatic,wagon,0,1,1695275.95
Nissan,Sentra,2024,28678,fair,gasoline,automatic,sedan,0,2,3499603.52
Honda,Civic,2020,94413,poor,hybrid,automatic,sedan,0,1,1931510.94
Nissan,Rogue,2011,124749,good,gasoline,automatic,suv,0,1,1550348.88
Hyundai,Santa Fe,2011,245298,good,hybrid,automatic,suv,1,1,918667.21
Tesla,Model Y,2014,191839,good,electric,automatic,suv,0,3,2074657.69
Toyota,Corolla,2015,87750,excellent,gasoline,manual,sedan,0,3,1823014.57
Chevrolet,Equinox,2014,149053,good,gasoline,manual,suv,0,2,1483257.9
Nissan,Altima,2018,128371,fair,hybrid,automatic,sedan,0,4,1738929.71
Hyundai,Santa Fe,2025,11890,good,hybrid,manual,suv,0,1,10457652.06
Tesla,Model S,2009,183786,poor,electric,automatic,sedan,0,1,1619307.13
Toyota,Corolla,2010,62453,good,gasoline,automatic,sedan,0,3,1270664.26
Tesla,Model Y,2025,21496,fair,electric,automatic,suv,0,2,12126438.8
Ford,F-150,2014,34608,excellent,gasoline,automatic,truck,0,1,5078587.52
Ford,Focus,2008,230013,good,gasoline,automatic,hatchback,0,2,423412.63
Honda,Civic,2006,133818,poor,gasoline,automatic,sedan,0,2,468598.5
Nissan,Pathfinder,2007,341384,fair,gasoline,automatic,suv,0,1,684161.82
Honda,Accord,2011,185697,poor,gasoline,automatic,sedan,0,1,554726.04
BMW,X5,2015,132182,fair,gasoline,automatic,suv,0,3,3628705.68
Ford,Focus,2013,185015,excellent,gasoline,automatic,hatchback,0,1,749382.88
Nissan,Pathfinder,2019,78706,excellent,gasoline,automatic,suv,0,5,4750369.59
Hyundai,Santa Fe,2022,44572,good,diesel,automatic,suv,0,1,7238378.4
Hyundai,Ioniq 5,2020,73514,good,electric,automatic,sedan,0,2,6743398.08
Honda,Civic,2009,285540,fair,gasoline,automatic,sedan,0,2,424888.27
Ford,F-150,2007,311776,good,gasoline,automatic,truck,0,3,981550.6
Honda,Civic,2018,79851,fair,hybrid,automatic,sedan,0,2,2193859.89
Toyota,RAV4,2025,7669,good,gasoline,automatic,suv,0,3,9082654.35
BMW,X5,2015,94336,good,gasoline,automatic,suv,0,1,5839656.18
Nissan,Sentra,2009,275172,fair,gasoline,automatic,sedan,0,2,404865.93
Toyota,Camry,2017,51594,good,gasoline,automatic,sedan,0,4,2581324.22
Toyota,Camry,2018,109756,good,diesel,automatic,sedan,0,2,2909413.31
Toyota,Camry,2020,90373,excellent,gasoline,automatic,sedan,1,2,2681691.69
Tesla,Model Y,2010,60114,good,electric,automatic,suv,0,2,3448103.58
Chevrolet,Traverse,2011,165712,fair,gasoline,automatic,suv,0,1,1235612.13
Nissan,Pathfinder,2012,181800,poor,gasoline,automatic,suv,1,1,704405.23
Nissan,Rogue,2007,211344,good,diesel,automatic,suv,0,1,742345.79
Honda,Fit,2019,68300,good,gasoline,automatic,hatchback,0,4,1945359.42
Chevrolet,Silverado,2022,53330,fair,hybrid,automatic,truck,0,3,8121790.37
Tesla,Model Y,2016,32901,fair,electric,automatic,suv,0,1,5542504.01
Chevrolet,Silverado,2014,47995,good,hybrid,automatic,truck,0,1,5749023.81
Chevrolet,Equinox,2020,97276,excellent,diesel,automatic,suv,0,3,4074690.81
Honda,Civic,2013,124169,poor,gasoline,manual,sedan,0,4,761941.35
Chevrolet,Equinox,2021,81250,excellent,gasoline,automatic,suv,0,3,4735438.96
BMW,i4,2017,75397,good,electric,automatic,wagon,1,1,4573733.72
Tesla,Model Y,2017,110319,excellent,electric,automatic,suv,0,1,5846243.07
Chevrolet,Silverado,2006,285117,good,gasoline,automatic,truck,0,1,1042971.11
Hyundai,Santa Fe,2009,123926,good,gasoline,automatic,suv,0,1,1514335.25
Honda,Accord,2019,80504,fair,gasoline,automatic,sedan,0,1,2729336.9
Nissan,Sentra,2005,155574,excellent,hybrid,automatic,sedan,0,3,619058.23
Tesla,Model Y,2024,39524,excellent,electric,automatic,suv,0,3,12860015.6
Ford,F-150,2007,305766,good,gasoline,manual,truck,0,1,1019145.51
Hyundai,Santa Fe,2011,54806,fair,gasoline,automatic,suv,0,1,2407627.23
BMW,X5,2021,24303,fair,gasoline,automatic,suv,0,1,10531240.37
Toyota,Highlander,2013,129862,good,gasoline,automatic,suv,0,1,2420981.84
Chevrolet,Silverado,2005,73709,excellent,gasoline,automatic,truck,0,2,2048735.43
Ford,Mustang,2006,183260,good,gasoline,automatic,coupe,0,2,735945.94
Toyota,Prius,2020,22469,excellent,hybrid,automatic,hatchback,0,1,5680621.19
BMW,3 Series,2023,12971,good,gasoline,automatic,sedan,0,2,8812285.54
Nissan,Rogue,2014,187282,excellent,gasoline,automatic,suv,0,2,1363450.55
BMW,X5,2011,258961,fair,gasoline,automatic,suv,0,3,1574377.15
Hyundai,Elantra,2008,184458,good,gasoline,automatic,sedan,0,3,538409.12
Chevrolet,Malibu,2007,134652,good,gasoline,automatic,sedan,0,1,851452.84
Chevrolet,Silverado,2022,27777,good,gasoline,automatic,truck,1,1,8691094.34
Toyota,Prius,2024,30406,fair,hybrid,automatic,hatchback,0,2,5273992.23
Hyundai,Sonata,2017,77118,good,gasoline,automatic,wagon,0,1,2604906.64
Nissan,Leaf,2021,45181,excellent,electric,automatic,hatchback,0,3,5266236.84
Chevrolet,Traverse,2012,91920,poor,gasoline,automatic,suv,0,3,1597213.78
Toyota,Prius,2012,219309,excellent,hybrid,automatic,hatchback,0,2,1054337.76
Nissan,Pathfinder,2015,62938,fair,diesel,automatic,suv,1,3,2277458.78
Chevrolet,Traverse,2008,204133,good,gasoline,manual,suv,0,2,850161.39
Hyundai,Sonata,2020,75437,fair,gasoline,automatic,sedan,0,2,2968535.71
Hyundai,Santa Fe,2016,113104,fair,gasoline,automatic,suv,0,1,2160104.56
Nissan,Rogue,2005,276148,fair,gasoline,automatic,suv,0,1,531695.84
Nissan,Leaf,2017,153711,good,electric,automatic,hatchback,0,1,1988330.03
Toyota,Corolla,2010,69398,excellent,gasoline,automatic,sedan,0,1,1634405.43
BMW,X5,2019,24542,good,gasoline,manual,suv,0,3,8575269.72
Chevrolet,Traverse,2016,126848,excellent,gasoline,manual,suv,0,4,2518336.07
BMW,i4,2016,27792,fair,electric,automatic,sedan,0,1,6388729.65
Nissan,Sentra,2018,42168,excellent,gasoline,automatic,sedan,0,1,3178980.92
BMW,3 Series,2011,192556,fair,gasoline,manual,sedan,0,1,938878.12
BMW,5 Series,2009,118406,fair,gasoline,automatic,sedan,1,3,1286451.14
Nissan,Altima,2010,52225,good,gasoline,automatic,sedan,1,1,1499758.13
Ford,Escape,2007,334193,good,gasoline,automatic,suv,0,3,583572.26
Hyundai,Santa Fe,2012,198307,good,gasoline,automatic,suv,0,3,1123672.78
Honda,Pilot,2015,124597,fair,gasoline,automatic,suv,0,1,2481487.91
Ford,Mustang,2014,155642,good,diesel,automatic,coupe,0,2,1905573.09
Nissan,Altima,2010,201838,fair,hybrid,automatic,sedan,0,3,557670.29
Ford,Focus,2020,25427,excellent,gasoline,automatic,hatchback,1,2,2845577.49
Chevrolet,Equinox,2009,261899,good,gasoline,automatic,suv,1,1,570005.42
Ford,F-150,2025,3600,good,diesel,automatic,truck,0,3,12714215.17
Toyota,Camry,2021,70468,poor,gasoline,automatic,sedan,0,1,2538648.19
Honda,Civic,2024,32558,fair,hybrid,automatic,sedan,0,1,5436550.59
BMW,i4,2009,199800,poor,electric,automatic,sedan,0,1,1064459.35
Hyundai,Santa Fe,2015,92676,fair,gasoline,automatic,suv,0,2,2277701.18
Chevrolet,Traverse,2016,100699,excellent,gasoline,automatic,suv,0,1,3687034.72
Nissan,Leaf,2023,29094,excellent,electric,automatic,hatchback,0,3,6169236.18
Ford,Focus,2005,141634,good,hybrid,automatic,hatchback,0,3,471095.98
Toyota,Corolla,2006,350000,excellent,gasoline,automatic,sedan,0,1,517249.93
Tesla,Model S,2017,166075,fair,electric,automatic,sedan,1,1,3594632.56
Chevrolet,Equinox,2023,52616,fair,gasoline,automatic,suv,0,2,4660339.56
BMW,X3,2011,64272,excellent,gasoline,automatic,suv,0,4,3501112.54
Honda,Accord,2016,165575,good,gasoline,manual,sedan,0,1,1592822.53
Ford,F-150,2007,240973,good,gasoline,automatic,truck,0,3,986943.5
Chevrolet,Bolt,2025,11011,good,electric,automatic,hatchback,0,2,8464300.34
Ford,Focus,2010,215793,good,gasoline,automatic,hatchback,0,2,554732.4
Ford,F-150,2022,41720,good,hybrid,automatic,truck,0,2,9943466.28
Chevrolet,Silverado,2015,165629,fair,diesel,automatic,truck,0,2,2360631.53
Hyundai,Ioniq 5,2017,50340,good,electric,automatic,sedan,0,1,6059077.26
BMW,3 Series,2019,67396,fair,gasoline,automatic,sedan,0,1,4606120.31
Honda,Fit,2010,66754,poor,gasoline,automatic,hatchback,0,2,669163.62
Honda,Pilot,2021,28428,fair,hybrid,automatic,suv,1,1,5085949.37
Hyundai,Sonata,2016,89514,fair,gasoline,automatic,sedan,1,1,1635222.28
Hyundai,Sonata,2009,47923,excellent,hybrid,automatic,sedan,0,1,1934045.2
Ford,Mustang,2020,19687,good,gasoline,automatic,coupe,0,1,6714321.24
Nissan,Leaf,2017,69665,good,electric,automatic,hatchback,1,3,2260772.61
Tesla,Model S,2008,71703,excellent,electric,automatic,sedan,0,1,5230384.36
Ford,Escape,2016,44851,good,gasoline,automatic,suv,0,1,3455293.37
Hyundai,Santa Fe,2011,135974,good,gasoline,automatic,suv,1,4,1192999.33
Chevrolet,Silverado,2007,221989,excellent,gasoline,automatic,truck,0,1,1209371.7
Chevrolet,Bolt,2020,35916,good,electric,automatic,hatchback,0,2,4912850.51
Tesla,Model Y,2017,144672,fair,electric,automatic,suv,0,1,3605680.62
Hyundai,Ioniq 5,2017,29656,good,electric,automatic,sedan,0,2,5789452.54
Nissan,Pathfinder,2012,107542,good,gasoline,automatic,suv,0,1,2512217.3
Honda,Civic,2006,228419,excellent,gasoline,manual,sedan,0,1,500867.64
BMW,X3,2007,247395,good,hybrid,automatic,suv,0,2,1139878.34
Chevrolet,Malibu,2018,61221,fair,gasoline,automatic,wagon,0,1,2626940.72
Hyundai,Ioniq 5,2015,189859,good,electric,automatic,sedan,0,1,2254616.66
Ford,Mustang,2022,75511,good,gasoline,automatic,coupe,0,2,6120555.47
Honda,Pilot,2016,129051,good,gasoline,automatic,suv,0,1,3163362.02
Hyundai,Santa Fe,2020,102284,good,gasoline,manual,suv,0,1,4136236.69
Hyundai,Tucson,2022,18078,good,gasoline,automatic,suv,0,3,6781161.68
Chevrolet,Equinox,2024,7757,good,gasoline,automatic,suv,0,2,7435132.39
Tesla,Model 3,2018,37453,fair,electric,automatic,sedan,0,1,5018668.75
Chevrolet,Malibu,2022,50754,excellent,gasoline,manual,sedan,0,2,4616644.81
Tesla,Model S,2005,53223,excellent,electric,automatic,sedan,0,1,4272930.82
Hyundai,Elantra,2023,19163,fair,gasoline,automatic,wagon,0,1,3762456.46
BMW,5 Series,2024,32118,fair,gasoline,automatic,sedan,0,1,11237894.28
Toyota,RAV4,2018,76359,good,gasoline,automatic,suv,0,2,4215016.23
Hyundai,Tucson,2005,93479,fair,gasoline,automatic,suv,0,4,946888.44
Ford,Focus,2010,170038,fair,gasoline,automatic,hatchback,0,1,489327.22
Honda,Pilot,2016,167692,fair,diesel,automatic,suv,0,2,1929305.07
Ford,Escape,2013,38196,good,gasoline,automatic,suv,0,1,2878336.93
Chevrolet,Traverse,2010,100484,poor,gasoline,automatic,suv,0,1,1377832.26
Nissan,Rogue,2007,261966,excellent,gasoline,automatic,suv,0,1,877224.22
Nissan,Altima,2017,47520,excellent,gasoline,automatic,sedan,1,5,2331644.63
Hyundai,Tucson,2013,189474,fair,gasoline,automatic,suv,0,1,901878.55
Hyundai,Elantra,2005,123064,fair,gasoline,automatic,sedan,0,3,506527.75
BMW,3 Series,2012,80083,good,gasoline,manual,sedan,0,1,2640686.58
Hyundai,Santa Fe,2020,31480,good,gasoline,automatic,suv,0,1,6116851.62
BMW,X5,2022,19802,good,gasoline,manual,suv,0,1,12836939.09
Chevrolet,Traverse,2024,13196,good,gasoline,manual,suv,0,1,9812891.75
Toyota,Camry,2005,350000,good,gasoline,automatic,sedan,0,3,416231.35
Nissan,Altima,2019,66691,good,gasoline,automatic,sedan,1,2,2596947.09
Hyundai,Sonata,2007,319129,poor,hybrid,automatic,sedan,0,3,333600.0
Honda,Fit,2018,144658,excellent,gasoline,automatic,hatchback,0,2,1503499.7
BMW,3 Series,2020,110628,good,gasoline,automatic,sedan,0,1,5214538.71
Toyota,Camry,2006,135526,excellent,gasoline,automatic,sedan,1,2,657048.65
Honda,Accord,2014,113097,fair,gasoline,automatic,wagon,0,1,1455948.79
Nissan,Altima,2023,21437,fair,hybrid,automatic,sedan,0,3,4713338.99
BMW,5 Series,2014,57720,good,hybrid,automatic,sedan,1,4,3711694.36
Hyundai,Ioniq 5,2020,39327,good,electric,automatic,sedan,0,1,6990884.02
Hyundai,Elantra,2022,29944,fair,gasoline,automatic,sedan,0,3,3382149.12
Honda,Civic,2018,44339,excellent,gasoline,automatic,sedan,0,3,3115403.48
Chevrolet,Equinox,2009,48960,good,gasoline,automatic,suv,0,2,1663923.24
Tesla,Model 3,2023,22609,poor,electric,automatic,sedan,0,1,6236655.68
Chevrolet,Malibu,2024,29069,excellent,gasoline,automatic,sedan,0,2,6677033.06
Tesla,Model S,2025,19758,fair,electric,automatic,sedan,0,1,19913519.51
Nissan,Leaf,2022,62285,good,electric,automatic,hatchback,0,1,4926070.21
Honda,Civic,2009,51368,good,hybrid,automatic,sedan,0,1,1684632.89
Ford,Explorer,2010,202369,poor,gasoline,automatic,suv,0,4,627144.28
Nissan,Leaf,2007,271233,good,electric,automatic,hatchback,0,1,642940.45
Toyota,Camry,2006,350000,good,gasoline,automatic,sedan,0,4,452007.86
BMW,5 Series,2020,47296,poor,gasoline,automatic,sedan,0,3,4965652.73
Hyundai,Tucson,2021,31152,good,gasoline,automatic,suv,0,1,5479065.56
Tesla,Model S,2005,326182,good,electric,automatic,sedan,0,1,1828474.7
Ford,F-150,2018,31281,fair,gasoline,automatic,truck,0,1,5747104.59
Honda,Civic,2018,21597,good,gasoline,manual,sedan,0,1,3221297.27
Tesla,Model Y,2011,270474,good,electric,automatic,suv,0,2,1668832.62
Hyundai,Santa Fe,2008,77677,fair,gasoline,automatic,suv,0,4,1292184.29
Chevrolet,Silverado,2005,111161,poor,gasoline,automatic,truck,1,1,765857.22
Nissan,Pathfinder,2021,86504,good,gasoline,manual,suv,0,1,5472369.33
Hyundai,Tucson,2024,27324,good,gasoline,automatic,suv,0,1,6970023.67
Chevrolet,Bolt,2020,100119,excellent,electric,automatic,hatchback,0,1,4474199.4
Tesla,Model 3,2025,12880,good,electric,automatic,sedan,0,4,9666087.37
BMW,X5,2008,48154,good,gasoline,manual,suv,0,3,3168624.18
Nissan,Leaf,2025,20893,good,electric,automatic,hatchback,0,2,7763981.04
Toyota,Camry,2019,20047,poor,gasoline,automatic,wagon,1,1,2054327.91
Hyundai,Santa Fe,2020,106646,good,hybrid,automatic,suv,0,2,4234478.29
Honda,Accord,2016,43754,good,gasoline,automatic,sedan,0,2,2845701.49
Tesla,Model X,2012,106211,excellent,electric,automatic,suv,0,1,7253288.66
Hyundai,Tucson,2019,107319,fair,gasoline,automatic,suv,0,2,2740192.71
Honda,Fit,2016,96374,poor,gasoline,automatic,hatchback,1,3,734649.73
BMW,X3,2013,59754,excellent,gasoline,manual,suv,0,2,4209278.74
Tesla,Model X,2007,46165,good,electric,automatic,suv,1,1,4706024.81
Ford,Explorer,2008,260400,good,hybrid,automatic,suv,1,2,749034.45
Tesla,Model X,2013,196067,fair,electric,automatic,suv,1,4,2108322.55
Toyota,Corolla,2018,134334,fair,gasoline,automatic,wagon,0,1,1504607.59
Honda,Civic,2025,22010,excellent,gasoline,automatic,sedan,0,2,6195315.05
Hyundai,Sonata,2015,79468,good,gasoline,automatic,sedan,0,1,2237538.99
Chevrolet,Bolt,2010,96951,good,electric,automatic,hatchback,0,1,1709414.54
BMW,i4,2020,32023,good,electric,automatic,sedan,0,3,9425808.41
Hyundai,Ioniq 5,2013,47043,fair,electric,automatic,sedan,0,3,2992152.8
Nissan,Sentra,2009,299982,excellent,gasoline,automatic,sedan,1,1,518698.07
Ford,Explorer,2020,93978,good,hybrid,automatic,suv,0,1,5818396.6
Hyundai,Santa Fe,2019,31280,excellent,diesel,automatic,suv,0,5,5652806.47
Toyota,Camry,2024,25050,fair,gasoline,automatic,sedan,0,4,4965668.92
Ford,Explorer,2011,122599,good,diesel,automatic,suv,0,1,2246111.82
BMW,5 Series,2010,203097,fair,gasoline,automatic,sedan,1,1,895365.31
Nissan,Sentra,2011,256523,excellent,gasoline,automatic,sedan,0,2,704059.69
Toyota,Prius,2006,201413,excellent,hybrid,automatic,hatchback,0,2,613178.57
Nissan,Sentra,2016,126440,good,gasoline,automatic,sedan,0,1,1559788.76
Honda,CR-V,2009,76812,fair,gasoline,automatic,suv,0,2,1390924.28
Chevrolet,Traverse,2007,172414,fair,gasoline,automatic,suv,1,1,725725.62
Toyota,Camry,2011,218321,fair,gasoline,automatic,sedan,0,2,628621.55
Honda,Pilot,2011,215863,good,gasoline,automatic,suv,0,1,1293307.06
BMW,5 Series,2011,217807,good,gasoline,automatic,sedan,0,3,1451328.69
Hyundai,Sonata,2010,161204,excellent,hybrid,automatic,sedan,0,5,982267.13
Nissan,Sentra,2021,47735,good,gasoline,automatic,sedan,0,2,3482794.94
Chevrolet,Traverse,2022,20211,good,gasoline,automatic,suv,0,5,6667562.04
BMW,5 Series,2014,118525,good,gasoline,automatic,sedan,0,5,2993966.92
Toyota,Corolla,2022,54812,excellent,gasoline,automatic,sedan,0,2,3795484.81
Nissan,Sentra,2017,49338,fair,gasoline,automatic,sedan,0,2,2039820.75
Ford,Focus,2008,110247,excellent,gasoline,automatic,hatchback,1,1,670428.79
Chevrolet,Silverado,2019,38780,fair,gasoline,automatic,truck,0,1,6872033.18
Chevrolet,Bolt,2025,13999,good,electric,automatic,hatchback,0,2,7749671.28
Nissan,Rogue,2023,19315,good,gasoline,automatic,suv,0,1,7804904.31
BMW,3 Series,2016,147800,excellent,gasoline,manual,sedan,0,2,2669576.83
Toyota,RAV4,2022,70302,fair,gasoline,automatic,suv,0,1,4422209.09
Toyota,Prius,2006,113740,excellent,hybrid,automatic,hatchback,0,1,1144666.22
BMW,i4,2021,14924,poor,electric,automatic,sedan,0,2,6614487.88
Hyundai,Ioniq 5,2009,150844,good,electric,automatic,sedan,0,2,1532411.67
Hyundai,Sonata,2020,29852,good,hybrid,automatic,sedan,1,3,3542084.9
Toyota,Camry,2012,114712,fair,gasoline,automatic,sedan,0,3,1162857.11
Honda,CR-V,2006,264217,excellent,gasoline,automatic,suv,1,1,592828.56
Hyundai,Elantra,2008,130065,excellent,gasoline,automatic,sedan,1,1,761403.08
Nissan,Sentra,2009,169682,fair,gasoline,automatic,sedan,0,1,534624.02
Hyundai,Sonata,2022,56846,excellent,gasoline,automatic,sedan,0,1,5452484.35
Ford,Escape,2019,72340,excellent,gasoline,automatic,suv,0,4,3874431.95
Hyundai,Santa Fe,2007,118527,good,gasoline,automatic,suv,0,1,1356971.29
Honda,Pilot,2015,89839,good,gasoline,automatic,suv,0,2,3342447.76
Tesla,Model S,2021,74828,excellent,electric,automatic,sedan,1,1,11707093.19
Toyota,Prius,2021,43864,excellent,hybrid,automatic,hatchback,0,1,5022131.79
Toyota,Prius,2014,121032,good,hybrid,automatic,hatchback,0,2,1788387.42
Nissan,Altima,2015,55960,good,gasoline,automatic,sedan,0,1,2574392.6
Tesla,Model S,2014,155796,good,electric,automatic,sedan,1,2,3671586.21
Toyota,RAV4,2013,112085,fair,gasoline,automatic,suv,0,2,1638754.8
Nissan,Pathfinder,2017,125423,good,hybrid,automatic,suv,0,2,3186224.96
Tesla,Model S,2011,118342,good,electric,automatic,sedan,0,2,5144746.51
Hyundai,Santa Fe,2023,31813,good,hybrid,automatic,suv,0,1,8794775.95
Nissan,Rogue,2017,44918,poor,gasoline,automatic,suv,0,2,2413281.26
Nissan,Pathfinder,2015,156794,good,diesel,automatic,suv,0,2,2072209.34
Toyota,Camry,2019,99197,fair,gasoline,automatic,sedan,0,2,2469929.39
Honda,Civic,2014,56679,good,gasoline,automatic,sedan,0,2,2100590.6
Tesla,Model S,2009,137011,poor,electric,automatic,sedan,0,2,2139949.68
Nissan,Rogue,2008,294945,fair,gasoline,automatic,suv,0,1,593938.52
Tesla,Model S,2015,25734,fair,electric,automatic,sedan,1,3,5492843.75
Chevrolet,Silverado,2015,193149,good,gasoline,automatic,truck,0,1,2138960.49
Nissan,Leaf,2011,74801,excellent,electric,automatic,hatchback,0,3,2054201.13
Ford,F-150,2006,62800,fair,gasoline,automatic,truck,1,3,1267689.08
Hyundai,Ioniq 5,2018,32623,fair,electric,automatic,sedan,0,1,5355036.75
Toyota,Highlander,2024,31935,good,gasoline,manual,suv,0,1,9407323.75
Toyota,Highlander,2005,121576,good,gasoline,automatic,suv,0,3,1044649.95
Toyota,Corolla,2021,75983,good,gasoline,manual,sedan,0,5,2443802.21
Nissan,Rogue,2007,82632,good,gasoline,automatic,suv,0,3,1431852.51
Toyota,Highlander,2020,39040,good,gasoline,automatic,suv,0,1,6701136.77
Tesla,Model 3,2011,58087,fair,electric,automatic,sedan,0,5,2218473.97
Honda,Pilot,2010,272584,excellent,gasoline,automatic,suv,0,2,1208794.12
Nissan,Pathfinder,2010,184771,excellent,gasoline,automatic,suv,0,4,1245961.44
Chevrolet,Traverse,2024,17511,good,gasoline,automatic,suv,0,3,8850804.2
Chevrolet,Malibu,2006,98508,fair,gasoline,automatic,sedan,0,2,620874.2
BMW,5 Series,2013,169314,excellent,gasoline,automatic,sedan,1,5,1675672.63
Nissan,Altima,2012,196173,poor,gasoline,automatic,wagon,0,2,456715.01
Nissan,Leaf,2014,142754,fair,electric,automatic,hatchback,0,2,1298637.8
Chevrolet,Equinox,2024,6071,fair,gasoline,automatic,suv,1,1,5646897.09
Nissan,Leaf,2015,88409,fair,electric,automatic,hatchback,0,1,1993044.6
Chevrolet,Malibu,2022,70639,fair,hybrid,automatic,sedan,0,1,3235475.69
Tesla,Model S,2005,180754,fair,electric,automatic,wagon,0,1,1590104.15
Tesla,Model X,2025,17667,good,electric,automatic,suv,0,3,24513492.89
Toyota,Camry,2008,231903,fair,gasoline,automatic,wagon,0,5,368702.29
Nissan,Leaf,2007,162704,good,electric,automatic,hatchback,0,1,751627.19
Toyota,Corolla,2009,192179,poor,gasoline,automatic,sedan,0,2,344360.14
BMW,5 Series,2012,96591,excellent,gasoline,automatic,wagon,0,1,3786950.35
Ford,Explorer,2006,348583,fair,gasoline,automatic,suv,0,4,611873.13
Tesla,Model Y,2024,20639,good,electric,automatic,suv,1,4,9574022.66
Ford,Explorer,2007,85421,fair,gasoline,automatic,suv,0,1,1627488.46
Toyota,Prius,2021,96717,good,hybrid,automatic,hatchback,1,1,3141752.37
Toyota,Prius,2016,59082,excellent,hybrid,automatic,hatchback,0,3,3084378.28
Honda,Civic,2019,126760,good,gasoline,automatic,sedan,0,1,2366461.68
Chevrolet,Silverado,2013,145071,poor,gasoline,manual,truck,0,4,1335799.24
Toyota,Camry,2023,42408,fair,hybrid,automatic,wagon,0,4,4273680.74
Honda,Civic,2012,96535,excellent,gasoline,automatic,sedan,0,2,1716425.87
Toyota,Prius,2014,211401,fair,hybrid,automatic,hatchback,0,1,841513.2
Tesla,Model X,2019,81664,good,electric,automatic,suv,1,2,10848016.48
Tesla,Model Y,2009,110682,good,electric,automatic,suv,0,3,2437997.33
Ford,Mustang,2020,54101,fair,hybrid,automatic,coupe,0,1,5109671.59
BMW,3 Series,2011,65551,good,gasoline,automatic,sedan,0,1,2900301.1
Hyundai,Elantra,2024,12582,excellent,gasoline,automatic,sedan,0,1,6247232.62
Hyundai,Santa Fe,2016,108884,good,gasoline,automatic,suv,1,1,2383617.98
Nissan,Sentra,2011,129153,good,gasoline,automatic,sedan,0,3,972436.01
Ford,Explorer,2010,253579,good,hybrid,automatic,suv,0,1,1310220.18
Hyundai,Sonata,2009,96475,excellent,gasoline,automatic,sedan,1,1,1192764.15
Hyundai,Santa Fe,2008,285999,good,gasoline,automatic,suv,0,1,931712.25
Nissan,Pathfinder,2018,83060,excellent,gasoline,automatic,suv,1,1,4058219.94
Ford,Mustang,2009,37917,good,gasoline,automatic,coupe,0,1,2118114.11
BMW,X3,2005,98088,poor,diesel,automatic,suv,1,2,928465.16
Honda,Accord,2007,206695,good,gasoline,manual,sedan,0,1,559425.89
Hyundai,Santa Fe,2005,87628,good,gasoline,automatic,suv,0,1,1458524.67
BMW,i4,2018,134819,good,electric,automatic,sedan,0,3,4871476.18
Hyundai,Elantra,2009,305049,poor,hybrid,automatic,sedan,1,1,333600.0
Honda,Fit,2025,16604,excellent,gasoline,automatic,hatchback,0,1,5167021.56
Toyota,Camry,2024,18506,good,gasoline,automatic,sedan,0,1,6428518.48
Toyota,Highlander,2015,105586,excellent,gasoline,automatic,suv,1,2,3036899.08
Honda,Fit,2017,136314,good,gasoline,manual,hatchback,0,1,1261792.5
Toyota,Camry,2016,164550,good,gasoline,automatic,sedan,0,1,1597229.19
Toyota,Prius,2024,13725,fair,hybrid,automatic,hatchback,0,2,5288110.15
Ford,Explorer,2022,17871,fair,gasoline,automatic,suv,0,1,7742416.23
Toyota,Prius,2005,121184,fair,hybrid,manual,hatchback,0,3,671040.66
Honda,Fit,2012,199313,good,gasoline,automatic,hatchback,0,4,477475.7
BMW,i4,2020,26157,excellent,electric,automatic,sedan,0,1,11237639.86
BMW,3 Series,2020,65338,fair,diesel,automatic,sedan,0,1,5734758.93
Tesla,Model S,2011,149629,excellent,electric,automatic,sedan,0,3,3402768.92
Ford,Focus,2014,54579,excellent,gasoline,automatic,hatchback,0,1,1664338.85
Nissan,Sentra,2011,109109,good,diesel,automatic,wagon,0,4,1091658.97
Tesla,Model S,2024,29777,fair,electric,automatic,sedan,0,2,16446730.91
Toyota,RAV4,2008,212585,fair,gasoline,automatic,suv,0,2,605251.42
Hyundai,Santa Fe,2021,69772,good,gasoline,manual,suv,1,2,3652917.03
Tesla,Model Y,2005,132032,good,electric,automatic,suv,0,2,1674400.9
Ford,Mustang,2009,57289,good,gasoline,manual,coupe,0,2,1869722.67
Tesla,Model 3,2007,322242,good,electric,automatic,sedan,0,3,967753.92
Nissan,Leaf,2014,68054,good,electric,automatic,hatchback,0,2,2457423.46
Tesla,Model Y,2012,221385,good,electric,automatic,suv,0,1,2017333.89
Hyundai,Tucson,2022,74692,good,gasoline,automatic,suv,0,1,5361741.54
Nissan,Altima,2020,45225,good,gasoline,automatic,sedan,0,1,3797497.79
Honda,Pilot,2016,107867,good,gasoline,automatic,suv,1,1,2756094.56
Honda,Accord,2023,39560,fair,hybrid,automatic,sedan,0,2,5451470.86
Chevrolet,Equinox,2006,205709,fair,gasoline,automatic,suv,0,2,483174.78
Honda,Fit,2022,61490,good,gasoline,automatic,hatchback,0,1,2921099.6
Hyundai,Ioniq 5,2022,69431,good,electric,automatic,sedan,0,1,8379449.19
Toyota,Highlander,2024,12807,excellent,gasoline,automatic,suv,0,1,11237733.69
Honda,Civic,2023,13488,fair,gasoline,automatic,wagon,0,1,3880179.5
Tesla,Model Y,2012,96667,poor,electric,automatic,suv,0,1,1970192.13
Hyundai,Elantra,2013,200388,poor,gasoline,automatic,sedan,0,2,445219.52
Hyundai,Tucson,2008,168356,poor,gasoline,automatic,suv,0,3,590231.47
Ford,Explorer,2010,161158,excellent,gasoline,automatic,suv,0,3,1641368.43
Nissan,Pathfinder,2020,66195,fair,gasoline,automatic,suv,0,1,5052422.79
Hyundai,Sonata,2015,62017,fair,gasoline,automatic,sedan,0,2,1841136.56
Honda,CR-V,2015,103845,good,gasoline,automatic,suv,0,2,2585444.25
Honda,Fit,2012,129289,fair,gasoline,automatic,hatchback,0,3,702066.83
BMW,5 Series,2005,158243,poor,gasoline,automatic,sedan,0,2,766535.95
Toyota,Highlander,2023,55090,excellent,gasoline,automatic,suv,0,3,7902887.57
Honda,Civic,2025,19936,poor,gasoline,automatic,sedan,0,1,4275033.67
Hyundai,Santa Fe,2008,54804,good,gasoline,automatic,suv,0,5,1873239.63
Hyundai,Tucson,2013,108077,fair,gasoline,automatic,suv,1,2,1360667.25
Honda,CR-V,2011,73802,excellent,gasoline,automatic,suv,0,2,2431183.23
Hyundai,Sonata,2013,91239,good,gasoline,automatic,sedan,0,3,1459594.89
Toyota,Camry,2014,145130,poor,gasoline,automatic,sedan,0,1,961676.57
Tesla,Model X,2024,30029,fair,electric,automatic,suv,0,1,21465709.35
Honda,Accord,2008,59078,good,gasoline,automatic,sedan,0,1,1440288.4
Ford,Focus,2022,21523,fair,hybrid,automatic,hatchback,1,2,2543109.67
Honda,Fit,2010,133138,fair,gasoline,automatic,hatchback,0,1,642681.66
Toyota,Camry,2009,228161,fair,gasoline,automatic,sedan,0,2,621862.9
Nissan,Rogue,2021,44409,good,gasoline,automatic,suv,0,1,5149723.33
Hyundai,Elantra,2015,64551,fair,gasoline,automatic,sedan,0,1,1820529.62
BMW,X3,2016,136776,good,gasoline,automatic,suv,0,4,3365696.95
Toyota,RAV4,2006,350000,good,gasoline,automatic,suv,0,1,721068.08
Honda,Pilot,2013,50390,fair,diesel,automatic,suv,0,2,3080139.09
Hyundai,Elantra,2009,54575,fair,gasoline,automatic,sedan,1,1,841514.42
Tesla,Model X,2015,52919,good,electric,automatic,suv,0,1,10612855.03
BMW,5 Series,2015,113797,fair,gasoline,automatic,sedan,0,1,3019931.63
BMW,i4,2025,18273,fair,electric,automatic,sedan,0,4,10868285.18
Honda,Pilot,2021,77120,good,gasoline,automatic,suv,0,2,6007304.21
Toyota,Prius,2006,189888,good,hybrid,automatic,hatchback,0,1,624108.01
BMW,3 Series,2024,36126,good,gasoline,automatic,sedan,0,3,8765733.0
Ford,Focus,2006,66833,good,gasoline,automatic,hatchback,0,3,791449.08
Nissan,Sentra,2007,86022,good,gasoline,automatic,sedan,0,3,805291.73
Chevrolet,Traverse,2025,5279,poor,gasoline,automatic,suv,0,2,6557808.6
BMW,5 Series,2024,18917,fair,gasoline,automatic,sedan,0,1,10435947.98
Honda,Pilot,2021,34706,poor,gasoline,automatic,suv,0,1,4285631.11
Nissan,Rogue,2016,175720,fair,gasoline,manual,suv,0,2,1401029.66
Chevrolet,Malibu,2022,26471,good,gasoline,automatic,sedan,0,1,4984427.75
Hyundai,Sonata,2021,66565,good,gasoline,automatic,sedan,1,1,3121449.27
Honda,Fit,2006,186777,excellent,gasoline,automatic,hatchback,0,2,381790.46
Toyota,RAV4,2022,37258,fair,gasoline,automatic,suv,1,2,4061695.82
Hyundai,Sonata,2019,126835,poor,diesel,automatic,sedan,0,2,1613200.46
Honda,Pilot,2024,29700,good,gasoline,manual,suv,0,2,8656326.41
Tesla,Model X,2022,26738,excellent,electric,automatic,suv,0,1,25618049.69
Nissan,Rogue,2023,52748,fair,hybrid,automatic,suv,0,2,5732454.6
Ford,F-150,2023,37548,good,gasoline,automatic,truck,0,2,10542001.8
Nissan,Rogue,2014,193753,good,gasoline,automatic,suv,0,2,1237327.11
Chevrolet,Malibu,2011,86661,good,gasoline,automatic,sedan,0,1,1501344.47
Nissan,Pathfinder,2009,63426,fair,gasoline,automatic,suv,1,1,1578436.15
Nissan,Pathfinder,2011,61715,good,gasoline,automatic,suv,0,1,3010052.97
BMW,5 Series,2006,216260,excellent,gasoline,automatic,sedan,0,1,1225168.01
Hyundai,Tucson,2016,69948,poor,gasoline,manual,suv,0,1,1990987.45
Ford,Mustang,2008,142718,poor,gasoline,automatic,coupe,0,4,745524.87
Tesla,Model X,2010,105753,fair,electric,automatic,suv,0,2,4355345.9
Chevrolet,Traverse,2006,251446,good,gasoline,automatic,suv,0,1,762489.2
Honda,Pilot,2015,201057,good,hybrid,automatic,suv,0,3,1708373.07
Chevrolet,Malibu,2020,51419,poor,gasoline,manual,wagon,0,3,1767610.59
Honda,CR-V,2025,14343,fair,gasoline,automatic,suv,0,2,7566625.27
Tesla,Model X,2024,34809,good,electric,automatic,suv,0,1,24128466.32
BMW,3 Series,2025,22820,fair,gasoline,manual,wagon,0,3,7657282.1
Toyota,RAV4,2006,113127,excellent,gasoline,automatic,suv,0,3,1256325.27
Ford,F-150,2014,101235,fair,gasoline,automatic,truck,0,3,2772494.69
Honda,Fit,2012,244026,fair,hybrid,automatic,hatchback,0,2,493048.92
Tesla,Model S,2014,154190,good,electric,automatic,sedan,1,2,3197338.25
Hyundai,Santa Fe,2008,313930,fair,gasoline,automatic,suv,0,1,696935.08
Hyundai,Sonata,2023,48355,good,gasoline,automatic,sedan,0,2,4586018.49
Ford,Escape,2014,145892,good,gasoline,automatic,suv,1,5,1138453.25
BMW,5 Series,2024,14945,good,gasoline,automatic,sedan,0,4,11796152.35
Ford,Explorer,2021,25278,good,diesel,automatic,suv,0,1,8233636.12
Toyota,Corolla,2015,200611,good,gasoline,automatic,sedan,1,1,750128.3
Nissan,Sentra,2020,92597,good,gasoline,automatic,sedan,0,2,2296754.21
Hyundai,Elantra,2014,160511,poor,diesel,automatic,sedan,0,1,632664.41
Toyota,RAV4,2018,122256,good,gasoline,manual,suv,0,1,2454104.99
BMW,5 Series,2018,78298,fair,gasoline,automatic,sedan,0,2,4748294.15
Ford,Mustang,2010,241645,fair,hybrid,automatic,coupe,0,3,883255.9
Hyundai,Tucson,2024,17463,excellent,gasoline,manual,suv,0,2,8164668.09
Toyota,RAV4,2017,94541,good,gasoline,manual,suv,0,2,3022913.89
BMW,i4,2018,76997,good,electric,automatic,sedan,0,4,5954751.13
Toyota,Camry,2006,110258,good,gasoline,automatic,sedan,0,3,963519.95
BMW,5 Series,2005,116471,good,gasoline,automatic,sedan,0,2,1594227.03
Nissan,Altima,2007,328554,good,gasoline,automatic,sedan,0,3,511956.73
Tesla,Model 3,2009,172142,fair,electric,automatic,sedan,0,1,1095249.59
Ford,Escape,2013,49305,excellent,gasoline,automatic,suv,0,2,2623646.75
BMW,X3,2016,121199,good,gasoline,automatic,suv,1,5,2343820.77
Chevrolet,Bolt,2007,285639,fair,electric,automatic,hatchback,0,1,592929.16
Honda,Accord,2009,75467,fair,gasoline,automatic,sedan,0,3,1101235.15
Nissan,Altima,2010,182846,good,gasoline,automatic,sedan,1,3,535296.09
Hyundai,Tucson,2013,187119,good,gasoline,automatic,suv,0,2,945000.8
Chevrolet,Silverado,2018,55999,good,gasoline,automatic,truck,0,1,6749129.82
Toyota,Camry,2021,37331,excellent,gasoline,automatic,sedan,0,4,4327765.72
Nissan,Sentra,2012,68088,fair,hybrid,automatic,sedan,0,1,1319077.76
Hyundai,Ioniq 5,2013,149193,poor,electric,automatic,sedan,0,2,1279173.62
Tesla,Model S,2018,101072,good,electric,automatic,sedan,1,2,6928686.17
Ford,F-150,2011,100841,excellent,gasoline,manual,truck,0,1,2869199.1
Hyundai,Elantra,2011,230061,fair,gasoline,automatic,sedan,0,3,485297.17
Chevrolet,Malibu,2021,80051,fair,gasoline,automatic,sedan,0,3,2657962.38
Ford,Escape,2009,100551,fair,gasoline,automatic,suv,1,2,1010227.57
Nissan,Pathfinder,2023,21461,good,gasoline,automatic,suv,0,2,8551089.93
Chevrolet,Equinox,2018,137983,poor,gasoline,automatic,suv,0,5,1316430.21
BMW,5 Series,2008,58784,excellent,hybrid,automatic,sedan,0,1,3331792.18
Toyota,Corolla,2006,48077,good,gasoline,automatic,sedan,1,2,931646.58
Tesla,Model 3,2024,33491,poor,electric,automatic,sedan,0,1,6466673.49
Hyundai,Elantra,2016,147154,excellent,gasoline,automatic,sedan,0,1,1474245.06
Hyundai,Sonata,2007,142534,good,gasoline,automatic,sedan,0,1,816437.2
BMW,X5,2021,71573,fair,gasoline,automatic,suv,1,2,6434600.96
Toyota,Highlander,2012,117239,fair,gasoline,automatic,suv,0,3,1670983.63
Ford,Explorer,2023,39616,fair,hybrid,automatic,suv,0,2,8611085.81
Ford,Focus,2006,258968,good,gasoline,automatic,hatchback,0,4,333600.0
Ford,F-150,2010,250942,poor,hybrid,automatic,truck,1,3,675696.99
Nissan,Leaf,2022,58735,good,electric,automatic,hatchback,0,1,4876070.17
Toyota,Prius,2015,46107,good,hybrid,automatic,hatchback,0,2,2870325.1
Tesla,Model X,2019,47154,good,electric,automatic,suv,0,2,15117450.1
Hyundai,Tucson,2010,155453,good,gasoline,automatic,suv,0,2,1194497.33
Honda,Civic,2022,46620,fair,gasoline,automatic,sedan,0,3,3392217.02
Tesla,Model X,2022,27221,fair,electric,automatic,suv,0,2,16412240.68
Toyota,Prius,2006,76708,poor,hybrid,automatic,hatchback,1,1,529894.81
Nissan,Altima,2011,124718,fair,hybrid,automatic,sedan,0,4,954295.94
Tesla,Model Y,2011,57903,good,electric,automatic,suv,0,1,3608100.21
Ford,F-150,2018,60485,good,gasoline,automatic,truck,1,2,4795424.41
Nissan,Rogue,2005,222358,fair,gasoline,automatic,suv,0,1,458144.56
Honda,CR-V,2017,53120,excellent,diesel,automatic,suv,0,4,4252587.53
Hyundai,Elantra,2022,32737,fair,hybrid,automatic,sedan,0,4,3282793.4
Honda,Accord,2025,9468,poor,gasoline,automatic,sedan,0,1,4768819.58
Nissan,Sentra,2012,122450,fair,hybrid,automatic,sedan,0,3,944054.33
Tesla,Model 3,2006,254092,fair,electric,automatic,sedan,0,3,691475.37
Ford,Mustang,2005,325010,good,gasoline,automatic,coupe,0,1,693678.02
Tesla,Model S,2021,61473,good,electric,automatic,sedan,1,2,10215989.73
Chevrolet,Silverado,2005,279745,good,gasoline,automatic,truck,0,3,921309.1
BMW,3 Series,2007,77305,good,gasoline,automatic,sedan,0,4,1503549.22
Tesla,Model X,2010,216217,poor,electric,automatic,suv,0,1,1835820.93
Honda,Pilot,2019,18848,excellent,diesel,automatic,suv,0,1,8222151.51
Toyota,Camry,2009,53340,good,gasoline,automatic,sedan,0,2,1343086.33
BMW,X5,2008,113958,fair,hybrid,automatic,suv,0,1,2528423.72
BMW,X3,2011,211919,poor,gasoline,automatic,suv,0,3,882164.59
Nissan,Sentra,2022,54764,good,gasoline,manual,sedan,0,3,3187865.99
Ford,F-150,2009,138981,excellent,gasoline,manual,truck,0,1,2139770.7
Hyundai,Sonata,2009,230048,good,gasoline,automatic,sedan,0,3,605586.33
Ford,Mustang,2025,6803,good,gasoline,manual,coupe,0,2,9313688.19
Chevrolet,Bolt,2022,74657,good,electric,automatic,hatchback,0,3,4765460.92
Ford,Explorer,2020,22274,fair,diesel,automatic,suv,0,1,6089026.02
Hyundai,Elantra,2021,60194,good,gasoline,automatic,sedan,1,1,2630081.57
BMW,3 Series,2009,65346,good,gasoline,automatic,sedan,0,2,2235821.75
Tesla,Model 3,2005,137535,good,electric,automatic,sedan,0,1,1235450.73
BMW,X3,2011,180835,good,gasoline,automatic,suv,0,2,1668269.48
Chevrolet,Traverse,2025,19772,good,gasoline,automatic,suv,0,1,10099303.35
Nissan,Altima,2008,233198,fair,gasoline,automatic,sedan,0,1,534912.55
Tesla,Model 3,2014,100436,good,electric,automatic,sedan,1,1,2654062.01
Tesla,Model X,2013,167100,fair,electric,automatic,suv,0,2,3721782.93
Chevrolet,Silverado,2007,145697,fair,gasoline,automatic,truck,0,1,1247586.95
BMW,X3,2005,139023,good,gasoline,automatic,suv,0,1,1451698.71
Ford,Mustang,2017,33697,good,gasoline,automatic,coupe,0,5,3918349.45
Tesla,Model S,2010,179202,fair,electric,automatic,sedan,0,4,1839364.87
Chevrolet,Traverse,2008,122986,good,diesel,automatic,suv,0,1,1717917.98
Ford,Escape,2005,327614,good,gasoline,automatic,suv,0,2,528971.79
Ford,Focus,2019,27569,good,gasoline,manual,hatchback,0,1,2551688.96
BMW,X5,2006,255218,excellent,gasoline,automatic,suv,0,1,1704748.03
Toyota,Camry,2018,90103,excellent,hybrid,automatic,sedan,0,1,3208618.98
Hyundai,Sonata,2010,286936,excellent,gasoline,automatic,sedan,0,1,747758.83
Toyota,Prius,2020,54612,good,hybrid,automatic,hatchback,0,3,3885018.35
Chevrolet,Traverse,2009,229563,good,gasoline,automatic,suv,0,3,979160.04
Nissan,Altima,2008,251810,fair,gasoline,automatic,sedan,0,3,399855.69
Honda,CR-V,2011,160139,good,hybrid,automatic,suv,0,3,1266221.89
Chevrolet,Malibu,2022,48810,fair,gasoline,automatic,sedan,0,2,3591353.01
Chevrolet,Traverse,2014,72087,good,gasoline,automatic,suv,0,5,2648048.78
Tesla,Model X,2018,95665,poor,electric,automatic,suv,0,3,6669576.59
Honda,CR-V,2019,37337,fair,gasoline,automatic,suv,0,2,3912888.77
Tesla,Model 3,2021,23914,fair,electric,automatic,sedan,0,1,7542446.78
Ford,Focus,2016,104076,poor,gasoline,automatic,hatchback,0,1,1078560.21
Nissan,Altima,2017,60106,good,hybrid,automatic,sedan,1,2,2318367.65
Nissan,Rogue,2022,72420,excellent,gasoline,automatic,suv,0,2,5388788.3
Nissan,Altima,2019,85872,good,hybrid,manual,sedan,0,1,2934902.66
Toyota,Corolla,2007,215653,good,hybrid,automatic,sedan,0,1,528060.05
BMW,i4,2016,164073,good,electric,automatic,sedan,0,1,3443509.8
Chevrolet,Malibu,2014,38212,fair,gasoline,manual,wagon,0,2,1616305.34
Toyota,Highlander,2014,97108,fair,gasoline,automatic,suv,0,2,2484679.12
Ford,F-150,2009,50691,good,hybrid,automatic,truck,0,1,3238952.21
Chevrolet,Malibu,2013,94066,fair,gasoline,automatic,sedan,0,1,1472778.47
Honda,Pilot,2011,201403,fair,gasoline,automatic,suv,1,2,763535.34
Toyota,Highlander,2017,114223,good,gasoline,automatic,suv,0,1,3740488.65
Honda,Civic,2009,93578,fair,gasoline,automatic,sedan,1,3,673473.86
Nissan,Altima,2023,39097,fair,gasoline,automatic,sedan,0,3,4187277.28
Tesla,Model X,2020,92973,excellent,electric,automatic,suv,0,5,12285108.69
Honda,Accord,2009,218395,fair,gasoline,automatic,sedan,0,1,678953.47
Toyota,Corolla,2014,202157,good,gasoline,automatic,sedan,0,2,831785.04
Nissan,Leaf,2024,28762,fair,electric,automatic,hatchback,0,1,5354926.6
Honda,Civic,2025,22208,good,gasoline,automatic,sedan,0,2,6103298.06
Hyundai,Elantra,2019,82150,excellent,gasoline,automatic,sedan,0,2,2723643.23
Honda,Fit,2020,97694,good,gasoline,automatic,hatchback,0,2,2042217.29
Honda,CR-V,2019,22254,good,gasoline,automatic,suv,0,4,4761876.95
Toyota,RAV4,2013,53097,fair,gasoline,automatic,suv,0,2,2228423.72
Chevrolet,Bolt,2023,28468,fair,electric,automatic,hatchback,0,1,5618474.31
Nissan,Altima,2023,29518,excellent,gasoline,automatic,sedan,0,3,5873640.41
Tesla,Model S,2020,93935,good,electric,automatic,sedan,0,2,11528760.49
Toyota,Camry,2022,61000,excellent,hybrid,automatic,sedan,0,2,5868318.42
BMW,X3,2013,69357,good,hybrid,automatic,suv,0,2,4192912.62
Toyota,Corolla,2021,53043,excellent,gasoline,automatic,sedan,0,2,3936169.0
Chevrolet,Silverado,2024,33174,fair,gasoline,automatic,truck,0,1,9177371.5
Hyundai,Sonata,2016,165782,excellent,gasoline,automatic,sedan,0,2,1678132.02
Nissan,Leaf,2018,29761,good,electric,automatic,hatchback,0,1,4193339.52
Nissan,Altima,2018,41254,good,gasoline,manual,sedan,0,3,2748368.2
Nissan,Pathfinder,2019,109390,fair,gasoline,automatic,suv,0,4,2817223.73
Ford,Mustang,2007,127105,good,hybrid,automatic,coupe,0,2,1407448.35
Toyota,Prius,2023,32487,good,hybrid,automatic,hatchback,1,2,4379930.77
Honda,CR-V,2017,43781,good,hybrid,automatic,suv,0,1,4319863.86
Honda,Pilot,2021,59424,good,hybrid,automatic,suv,0,1,7004464.19
Tesla,Model X,2021,95982,fair,electric,automatic,suv,0,1,12342925.32
Chevrolet,Equinox,2018,34366,good,gasoline,automatic,suv,0,1,3891060.99
Tesla,Model 3,2008,112620,good,electric,automatic,sedan,0,1,1966241.19
Ford,Explorer,2022,32614,good,gasoline,automatic,suv,0,5,7490265.12
Chevrolet,Malibu,2019,82732,poor,gasoline,automatic,sedan,0,1,2008725.8
Nissan,Sentra,2010,198868,good,gasoline,automatic,sedan,0,1,581954.72
Toyota,Camry,2006,270941,good,gasoline,automatic,sedan,1,3,386679.68
Nissan,Pathfinder,2019,48142,good,gasoline,automatic,suv,0,1,5565260.66
Hyundai,Santa Fe,2009,276817,good,hybrid,automatic,suv,0,2,995329.21
Ford,Mustang,2019,115326,excellent,gasoline,automatic,coupe,0,2,4233693.31
BMW,5 Series,2018,59584,good,diesel,automatic,sedan,0,1,6483138.45
Nissan,Pathfinder,2008,239946,good,gasoline,automatic,suv,0,2,865627.77
Nissan,Rogue,2025,3926,good,gasoline,automatic,suv,0,2,8623487.63
BMW,X3,2021,44114,fair,hybrid,manual,suv,0,1,6546913.01
Hyundai,Santa Fe,2016,36684,good,gasoline,automatic,suv,0,1,4272728.86
BMW,3 Series,2017,57877,excellent,gasoline,automatic,sedan,0,2,5071371.18
BMW,5 Series,2015,93113,good,gasoline,manual,sedan,0,1,4265847.86
Honda,CR-V,2025,17251,good,gasoline,automatic,suv,0,1,8867179.92
Hyundai,Elantra,2019,41583,fair,gasoline,automatic,sedan,1,2,2169031.22
Honda,Civic,2023,55116,fair,gasoline,automatic,sedan,0,2,3855242.05
Toyota,Prius,2021,47066,good,hybrid,automatic,hatchback,0,1,4527826.46
Nissan,Sentra,2006,232676,good,hybrid,automatic,sedan,0,1,430828.6
BMW,i4,2013,172264,good,electric,automatic,sedan,0,4,2361469.54
Ford,Focus,2015,37378,fair,diesel,automatic,hatchback,0,2,1719920.05
BMW,X5,2025,7840,good,gasoline,manual,suv,0,1,17721678.7
Tesla,Model S,2007,54318,good,electric,automatic,sedan,1,2,3134289.72
Tesla,Model Y,2007,156627,poor,electric,automatic,suv,1,1,848788.02
Chevrolet,Bolt,2011,76542,poor,electric,automatic,hatchback,0,3,1167860.21
Ford,Explorer,2025,18371,fair,gasoline,automatic,suv,0,1,9419287.92
Ford,Mustang,2025,11467,good,gasoline,automatic,coupe,0,2,9069741.54
Hyundai,Santa Fe,2006,314112,fair,gasoline,automatic,suv,0,4,527488.73
BMW,5 Series,2006,129579,fair,gasoline,automatic,sedan,0,4,1351994.54
Ford,Escape,2013,148378,good,hybrid,automatic,suv,0,2,1619976.14
Chevrolet,Silverado,2018,114317,good,hybrid,automatic,truck,0,1,5569335.02
Chevrolet,Traverse,2020,41126,good,gasoline,automatic,suv,0,3,5875235.23
Honda,Fit,2016,118569,good,gasoline,automatic,hatchback,0,2,1177447.53
BMW,X5,2025,12563,good,hybrid,automatic,suv,0,3,19987673.66
Nissan,Altima,2022,13413,poor,hybrid,automatic,wagon,0,3,3292245.51
Honda,Civic,2009,206162,good,gasoline,automatic,sedan,1,1,509230.73
Tesla,Model X,2025,8346,excellent,electric,automatic,suv,0,5,25928010.63
Nissan,Altima,2015,82273,fair,diesel,automatic,sedan,0,2,1783352.32
Toyota,Camry,2025,14994,poor,hybrid,automatic,wagon,0,2,4622578.29
Toyota,Prius,2020,110992,fair,hybrid,automatic,hatchback,1,2,1816801.26
Honda,Civic,2023,51387,fair,gasoline,automatic,sedan,0,2,3877153.22
Nissan,Altima,2025,15691,good,gasoline,automatic,sedan,0,1,7093903.01
Hyundai,Tucson,2006,350000,good,gasoline,automatic,suv,0,2,624018.73
Nissan,Pathfinder,2009,312785,good,gasoline,automatic,suv,0,3,1003714.81
Toyota,RAV4,2014,130432,good,diesel,automatic,suv,0,1,2316545.99
Toyota,Highlander,2024,35122,good,hybrid,automatic,suv,0,1,10079387.29
Chevrolet,Bolt,2019,92120,excellent,electric,automatic,hatchback,0,1,3578329.54
Tesla,Model Y,2011,133895,excellent,electric,automatic,suv,0,1,2886066.42
Ford,Explorer,2007,281930,good,gasoline,automatic,suv,0,1,928981.63
Honda,Fit,2020,21640,excellent,gasoline,automatic,hatchback,0,3,3166859.01
Chevrolet,Traverse,2005,336103,good,gasoline,automatic,suv,0,1,635779.37
BMW,i4,2021,41464,excellent,electric,automatic,sedan,0,1,12065101.39
Ford,Escape,2020,102239,fair,gasoline,automatic,suv,0,1,3161190.79
Chevrolet,Equinox,2009,243337,good,hybrid,automatic,suv,1,3,602490.73
Hyundai,Ioniq 5,2007,50371,excellent,electric,automatic,sedan,0,2,2729743.68
Nissan,Rogue,2018,109042,excellent,gasoline,automatic,suv,0,2,3369358.85
Hyundai,Sonata,2012,129013,good,gasoline,automatic,sedan,0,3,1348806.55
Toyota,Corolla,2008,202627,excellent,gasoline,automatic,sedan,0,1,605288.91
Toyota,Highlander,2006,313904,good,diesel,automatic,suv,0,1,967081.5
Ford,Mustang,2021,53676,poor,gasoline,automatic,coupe,0,2,3930379.2
Toyota,Highlander,2007,70763,good,gasoline,manual,suv,0,3,1647093.26
Ford,Mustang,2013,37238,good,gasoline,automatic,coupe,0,1,3565416.37
Honda,Fit,2024,40547,fair,gasoline,automatic,hatchback,0,3,2889439.73
Ford,F-150,2012,221289,good,gasoline,automatic,truck,0,2,1394096.77
Toyota,RAV4,2016,59685,good,hybrid,automatic,suv,0,1,3710026.08
Toyota,Prius,2005,336867,fair,hybrid,automatic,hatchback,0,1,419714.05
Tesla,Model X,2024,22311,excellent,electric,automatic,suv,0,1,27400379.24
Hyundai,Santa Fe,2010,248583,excellent,gasoline,automatic,suv,0,3,1048151.97
Nissan,Rogue,2021,24077,good,hybrid,automatic,suv,0,2,5512448.99
Chevrolet,Traverse,2025,12134,fair,gasoline,automatic,suv,1,2,7116911.99
Nissan,Pathfinder,2006,70147,good,hybrid,automatic,suv,0,4,1766232.66
Ford,F-150,2018,20047,fair,gasoline,automatic,truck,0,1,5854959.52
Toyota,Corolla,2022,71435,poor,hybrid,automatic,wagon,0,3,2021300.96
Honda,Civic,2010,86288,excellent,gasoline,manual,sedan,1,2,969104.96
Chevrolet,Traverse,2006,155307,good,gasoline,automatic,suv,0,3,969980.24
Tesla,Model Y,2014,45155,good,electric,automatic,suv,0,5,4504922.45
Toyota,Corolla,2024,25766,good,gasoline,automatic,sedan,0,4,4078580.86
Chevrolet,Malibu,2020,42676,good,gasoline,automatic,sedan,0,1,3808144.23
BMW,X5,2023,40934,good,gasoline,manual,suv,0,3,12338023.54
Nissan,Altima,2014,72367,good,hybrid,automatic,sedan,1,2,1655927.8
BMW,X5,2013,219215,fair,gasoline,automatic,suv,0,5,1873297.41
Honda,Civic,2012,223856,good,hybrid,manual,sedan,0,5,656041.62
BMW,X5,2022,66223,good,gasoline,automatic,suv,0,1,11283814.1
Ford,Explorer,2010,141015,excellent,gasoline,automatic,suv,0,3,1906370.74
Hyundai,Elantra,2016,156583,good,gasoline,automatic,sedan,0,4,1176677.3
Chevrolet,Equinox,2010,171313,fair,gasoline,automatic,suv,0,1,878274.78
Tesla,Model S,2007,64867,good,electric,automatic,wagon,0,1,4510835.28
Hyundai,Tucson,2010,220866,good,hybrid,manual,suv,0,4,811654.34
Hyundai,Elantra,2022,19030,good,gasoline,automatic,sedan,0,3,4173870.07
Nissan,Pathfinder,2009,267197,excellent,gasoline,automatic,suv,0,1,1164016.6
Tesla,Model X,2023,16830,good,electric,automatic,suv,0,3,23376470.15
Toyota,RAV4,2021,30268,excellent,gasoline,automatic,suv,0,2,6039794.03
BMW,X5,2012,114204,fair,gasoline,automatic,suv,0,3,2679790.3
Tesla,Model S,2017,81377,fair,electric,automatic,sedan,0,1,9007765.84
Toyota,Camry,2025,17066,poor,gasoline,automatic,sedan,0,2,4400319.99
Hyundai,Sonata,2020,26930,fair,gasoline,automatic,sedan,0,1,3737240.49
BMW,5 Series,2012,38787,good,gasoline,automatic,sedan,0,5,3441774.74
Ford,F-150,2005,350000,fair,gasoline,automatic,truck,0,1,744701.7
Chevrolet,Bolt,2018,131998,fair,electric,automatic,hatchback,1,4,1616789.92
Chevrolet,Traverse,2020,107988,good,gasoline,automatic,suv,0,1,4663679.99
Honda,Civic,2025,7339,good,gasoline,automatic,sedan,0,2,6234985.21
Ford,F-150,2013,37596,fair,gasoline,automatic,truck,0,2,3789194.16
Ford,Focus,2025,18614,good,gasoline,automatic,hatchback,0,1,5714842.03
Hyundai,Santa Fe,2018,58421,fair,gasoline,automatic,suv,1,2,2723922.4
Nissan,Pathfinder,2018,64670,good,hybrid,automatic,suv,0,1,5496335.28
Chevrolet,Equinox,2014,161180,good,gasoline,automatic,suv,1,2,1147985.69
Toyota,Corolla,2008,294126,excellent,hybrid,automatic,sedan,0,5,547517.59
Chevrolet,Silverado,2015,188476,fair,gasoline,automatic,truck,1,4,1359153.85
BMW,5 Series,2017,148761,good,hybrid,automatic,sedan,0,1,4139351.79
Tesla,Model Y,2013,76870,poor,electric,automatic,suv,0,1,2976368.98
BMW,3 Series,2017,88477,good,hybrid,manual,sedan,0,4,3866634.86
Hyundai,Tucson,2012,101059,good,gasoline,manual,suv,1,2,1306091.67
Nissan,Altima,2025,7205,good,diesel,automatic,sedan,0,1,7818189.86
Ford,Escape,2018,142533,good,gasoline,automatic,suv,1,2,1782028.18
Hyundai,Santa Fe,2011,37762,good,gasoline,automatic,suv,0,1,2837094.67
Tesla,Model S,2010,40869,excellent,electric,automatic,sedan,0,2,6131774.49
Nissan,Leaf,2011,243197,fair,electric,automatic,hatchback,0,1,792108.39
Toyota,Prius,2009,123112,good,hybrid,automatic,hatchback,1,1,991897.56
Tesla,Model Y,2018,44312,good,electric,automatic,suv,0,2,7006753.2
Chevrolet,Bolt,2023,39939,fair,electric,automatic,hatchback,0,1,5218682.64
Tesla,Model Y,2018,94847,good,electric,automatic,suv,0,3,5755108.31
Ford,Focus,2025,21473,excellent,gasoline,automatic,hatchback,1,2,4360171.55
Nissan,Altima,2013,188846,poor,gasoline,automatic,sedan,0,1,582945.66
Ford,Mustang,2015,102734,good,gasoline,automatic,coupe,1,1,2111493.72
Chevrolet,Malibu,2008,212949,fair,gasoline,automatic,wagon,0,2,452855.39
Hyundai,Ioniq 5,2010,176955,excellent,electric,automatic,sedan,0,4,1657943.82
Honda,Accord,2025,16755,excellent,hybrid,automatic,wagon,0,3,7484908.53
Nissan,Pathfinder,2006,332026,fair,gasoline,automatic,suv,0,5,508398.93
Tesla,Model S,2018,36031,good,electric,automatic,sedan,0,2,12419042.72
Honda,Fit,2021,71781,good,gasoline,automatic,hatchback,0,1,2337638.25
Toyota,Prius,2024,31064,good,hybrid,automatic,hatchback,0,4,5951287.73
Chevrolet,Malibu,2011,200248,excellent,gasoline,automatic,sedan,0,2,796318.71
Nissan,Rogue,2015,127306,fair,gasoline,automatic,suv,0,3,1863129.04
Chevrolet,Bolt,2010,130616,excellent,electric,automatic,hatchback,1,2,1137035.53
Toyota,Camry,2016,104296,poor,gasoline,automatic,sedan,0,2,1351662.54
Chevrolet,Traverse,2006,98432,good,gasoline,automatic,suv,0,2,1472738.52
Ford,Escape,2009,231234,excellent,gasoline,manual,suv,1,1,635496.91
Nissan,Sentra,2019,16466,poor,gasoline,automatic,sedan,0,1,2110226.52
Ford,Focus,2024,18314,good,gasoline,automatic,hatchback,1,2,3767453.87
Chevrolet,Silverado,2014,93856,fair,gasoline,manual,truck,0,2,3053480.72
Ford,Escape,2015,195372,good,hybrid,automatic,suv,0,1,1362607.54
Hyundai,Sonata,2013,38753,fair,gasoline,manual,sedan,0,3,1545759.46
Chevrolet,Malibu,2012,188586,excellent,gasoline,automatic,wagon,0,1,893171.95
Ford,Explorer,2018,72677,good,hybrid,automatic,suv,0,3,5121594.31
Tesla,Model S,2014,97102,excellent,electric,automatic,sedan,0,3,7538370.97
BMW,i4,2019,105219,good,electric,automatic,sedan,1,1,4700007.56
Nissan,Sentra,2024,34411,excellent,gasoline,manual,sedan,0,3,4580486.13
Honda,Accord,2010,171516,fair,gasoline,automatic,sedan,1,4,491688.45
Toyota,Prius,2015,158832,poor,hybrid,automatic,hatchback,1,2,769946.78
BMW,X5,2025,18594,fair,gasoline,automatic,suv,0,1,14773589.23
Hyundai,Ioniq 5,2007,171020,fair,electric,automatic,sedan,0,2,1012300.34
BMW,X5,2025,19012,good,gasoline,automatic,suv,0,1,18261314.08
Ford,Explorer,2024,13110,fair,gasoline,automatic,suv,0,3,8457706.25
Toyota,RAV4,2010,256793,good,gasoline,automatic,suv,0,2,903878.35
Ford,Mustang,2020,59344,fair,gasoline,automatic,coupe,1,3,3263884.92
Hyundai,Elantra,2016,118123,good,gasoline,automatic,sedan,1,3,1190197.47
Chevrolet,Traverse,2014,52591,excellent,gasoline,automatic,suv,0,2,3685885.35
Tesla,Model Y,2010,257938,fair,electric,automatic,suv,0,1,1427724.65
Ford,Explorer,2016,165507,fair,hybrid,automatic,suv,0,2,2111934.72
BMW,3 Series,2006,315855,excellent,gasoline,manual,sedan,0,1,861847.04
Chevrolet,Silverado,2011,121947,fair,gasoline,automatic,truck,0,1,2161481.39
Chevrolet,Bolt,2005,228344,good,electric,automatic,hatchback,0,2,569863.44
Hyundai,Ioniq 5,2018,122905,good,electric,automatic,sedan,0,1,4185517.02
BMW,X3,2007,192271,excellent,gasoline,automatic,suv,0,1,1151500.28
Ford,Focus,2011,255117,fair,hybrid,automatic,hatchback,0,2,474315.93
Toyota,Prius,2012,204229,good,hybrid,manual,hatchback,0,1,818660.85
Tesla,Model Y,2017,146595,good,electric,automatic,suv,0,1,4495021.54
Toyota,RAV4,2022,71529,good,gasoline,manual,suv,0,2,4951566.75
Nissan,Pathfinder,2015,37483,fair,gasoline,automatic,suv,0,4,2710906.16
Ford,Escape,2007,104960,good,hybrid,automatic,suv,0,1,1387830.94
BMW,i4,2020,37470,good,electric,automatic,sedan,0,1,10142108.93
Ford,F-150,2010,244345,fair,diesel,automatic,truck,1,2,814207.03
Toyota,RAV4,2020,74097,good,gasoline,automatic,suv,0,2,3883432.61
Chevrolet,Silverado,2024,19610,good,gasoline,manual,truck,0,2,10393131.48
Chevrolet,Silverado,2016,35297,fair,diesel,automatic,truck,0,1,5151138.22
Honda,Pilot,2014,166340,fair,gasoline,manual,suv,0,1,1627313.14
Honda,Civic,2022,43367,good,diesel,automatic,sedan,0,1,4501325.28
Tesla,Model Y,2025,16555,good,electric,automatic,suv,0,1,14290144.91
Ford,F-150,2009,148251,good,gasoline,automatic,truck,0,3,1782653.64
Chevrolet,Silverado,2016,156750,good,hybrid,manual,truck,0,1,3021618.67
BMW,3 Series,2015,110949,excellent,gasoline,automatic,sedan,0,4,3222812.91
Ford,Escape,2021,93045,good,gasoline,manual,suv,0,2,3547768.87
Chevrolet,Traverse,2016,55928,poor,hybrid,automatic,suv,1,2,2167561.57
Ford,Escape,2013,142758,good,hybrid,manual,suv,0,2,1525454.08
Nissan,Leaf,2010,165951,good,electric,automatic,hatchback,0,2,932830.84
Tesla,Model S,2020,35761,good,electric,automatic,sedan,0,3,13051066.18
Chevrolet,Malibu,2005,161610,fair,gasoline,automatic,sedan,0,1,485219.86
Ford,F-150,2006,182182,good,gasoline,automatic,truck,0,1,1133843.27
Chevrolet,Traverse,2024,13166,fair,gasoline,automatic,suv,0,3,7724191.84
Nissan,Leaf,2011,163210,good,electric,automatic,hatchback,0,1,1046813.43
Chevrolet,Equinox,2006,277719,good,diesel,manual,suv,0,2,543462.11
Honda,Civic,2008,89668,fair,gasoline,automatic,sedan,0,1,935102.03
Chevrolet,Malibu,2016,51835,fair,gasoline,automatic,sedan,1,2,1580864.9
Nissan,Pathfinder,2019,88206,good,gasoline,automatic,suv,0,3,4514078.55
Ford,Explorer,2011,220753,excellent,gasoline,automatic,suv,1,1,1157911.03
Hyundai,Elantra,2017,106974,good,diesel,manual,sedan,0,1,1809387.04
Tesla,Model X,2025,11778,fair,electric,automatic,suv,0,2,22385978.9
BMW,X5,2007,164487,poor,gasoline,automatic,suv,0,2,1018576.59
Nissan,Altima,2021,47242,excellent,gasoline,manual,sedan,0,3,3610969.58
Honda,Civic,2009,107013,excellent,diesel,automatic,sedan,0,1,1192980.41
BMW,X5,2021,61125,excellent,hybrid,automatic,suv,0,4,12209852.8
Hyundai,Santa Fe,2010,284962,excellent,hybrid,automatic,suv,0,4,1237182.11
Hyundai,Elantra,2009,275907,fair,gasoline,automatic,sedan,0,1,477076.04
Ford,F-150,2016,146247,poor,hybrid,automatic,truck,0,1,2222662.52
Honda,Accord,2017,25725,fair,gasoline,automatic,sedan,0,4,2466425.52
Toyota,Camry,2023,21845,good,gasoline,automatic,sedan,0,3,4888670.37
Tesla,Model 3,2007,194992,fair,electric,automatic,sedan,0,2,781722.89
Hyundai,Sonata,2017,102932,fair,gasoline,automatic,sedan,0,2,1646912.61
Tesla,Model X,2021,76560,good,electric,automatic,suv,0,2,16924032.57
Chevrolet,Equinox,2008,228036,good,gasoline,automatic,suv,1,1,519728.96
Ford,F-150,2011,194359,excellent,diesel,automatic,truck,0,1,1842336.51
Tesla,Model 3,2025,15161,excellent,electric,automatic,sedan,1,1,11307269.56
Nissan,Leaf,2017,97978,fair,electric,automatic,hatchback,0,2,2147777.25
Toyota,Highlander,2024,28083,fair,gasoline,automatic,suv,0,3,7497296.01
Hyundai,Elantra,2015,74575,good,hybrid,automatic,sedan,0,2,2205358.83
BMW,5 Series,2014,123100,fair,gasoline,automatic,wagon,0,2,2805572.5
Toyota,Corolla,2018,95856,good,gasoline,automatic,sedan,0,1,2317707.46
Ford,Focus,2018,139367,good,hybrid,automatic,hatchback,0,1,1525187.6
BMW,3 Series,2010,217174,good,gasoline,automatic,sedan,1,4,831498.93
Hyundai,Tucson,2019,68721,good,hybrid,manual,suv,1,3,2660764.68
Chevrolet,Equinox,2011,75171,excellent,gasoline,automatic,suv,0,1,2071616.51
Chevrolet,Silverado,2014,45044,fair,hybrid,automatic,truck,0,3,4463068.97
BMW,i4,2008,293708,excellent,electric,automatic,sedan,0,2,1428187.65
BMW,X3,2005,350000,good,gasoline,automatic,suv,0,1,906644.12
Tesla,Model 3,2012,40778,good,electric,automatic,sedan,0,3,3587129.76
Tesla,Model 3,2011,153757,fair,electric,automatic,sedan,1,5,969711.96
Ford,F-150,2020,82953,good,gasoline,automatic,truck,0,2,6852180.64
Honda,Accord,2009,100319,good,gasoline,automatic,sedan,0,1,1217489.1
Tesla,Model S,2022,10785,fair,electric,automatic,sedan,0,1,16591496.6
Tesla,Model Y,2021,29493,good,electric,automatic,suv,0,1,10678288.66
BMW,X5,2025,9941,excellent,gasoline,automatic,suv,0,2,20563995.98
Nissan,Leaf,2013,52003,good,electric,automatic,hatchback,1,1,1916046.74
Chevrolet,Malibu,2013,40226,excellent,gasoline,automatic,sedan,0,2,2358233.79
Chevrolet,Bolt,2024,27018,excellent,electric,automatic,hatchback,0,3,8446894.64
Nissan,Sentra,2014,160168,good,gasoline,manual,sedan,0,1,940043.8
BMW,i4,2022,47719,good,electric,automatic,sedan,0,1,11277734.79
Nissan,Rogue,2014,60628,good,gasoline,automatic,suv,0,3,2370764.37
Chevrolet,Equinox,2018,82472,poor,gasoline,automatic,suv,0,1,2265837.24
Chevrolet,Silverado,2022,56911,excellent,gasoline,automatic,truck,0,1,8830923.88
Hyundai,Santa Fe,2020,25930,good,gasoline,manual,suv,0,2,5551572.8
BMW,X3,2023,11784,fair,gasoline,manual,suv,0,1,8897344.08
Nissan,Altima,2017,51298,excellent,gasoline,manual,sedan,0,1,2902111.72
Toyota,Camry,2015,118354,fair,gasoline,automatic,sedan,0,2,1332440.93
Honda,Pilot,2020,19438,good,gasoline,automatic,suv,1,1,6085545.79
Honda,Civic,2022,35906,excellent,gasoline,automatic,sedan,0,1,5291799.69
Nissan,Altima,2011,235566,good,gasoline,automatic,sedan,0,1,764666.18
Chevrolet,Traverse,2019,72852,fair,gasoline,automatic,suv,0,3,3461238.79
Nissan,Sentra,2017,153177,good,gasoline,automatic,sedan,1,5,930188.46
Tesla,Model 3,2009,195120,poor,electric,automatic,sedan,0,3,657170.63
Ford,Escape,2012,134857,good,diesel,automatic,suv,0,2,1606039.48
Honda,Civic,2007,250184,good,gasoline,automatic,sedan,0,3,445369.21
Honda,CR-V,2021,15000,good,gasoline,automatic,suv,0,3,6399488.85
Ford,F-150,2009,77828,excellent,diesel,automatic,truck,0,2,3103258.18
Hyundai,Tucson,2025,10936,poor,gasoline,automatic,suv,0,1,5785358.7
Chevrolet,Bolt,2008,88808,good,electric,automatic,hatchback,0,1,1308206.49
Nissan,Sentra,2016,176499,excellent,gasoline,automatic,sedan,0,1,1249676.09
Honda,Civic,2007,302618,good,gasoline,automatic,sedan,1,1,425473.13
Chevrolet,Equinox,2015,196955,excellent,diesel,automatic,suv,0,1,1685374.45
Chevrolet,Silverado,2007,69366,excellent,gasoline,automatic,truck,0,2,2512373.75
Ford,Focus,2006,149311,excellent,gasoline,automatic,hatchback,0,2,571885.8
Ford,Focus,2014,39004,fair,gasoline,automatic,hatchback,1,1,1205341.95
BMW,X3,2024,7879,poor,gasoline,automatic,suv,0,1,8437977.99
Toyota,Highlander,2016,92207,good,gasoline,automatic,suv,0,2,3615812.49
BMW,X3,2018,142028,good,diesel,automatic,suv,1,1,3412853.79
BMW,5 Series,2020,36308,fair,gasoline,automatic,sedan,1,4,4653749.48
Chevrolet,Traverse,2018,120234,good,gasoline,automatic,suv,0,3,3290100.55
Ford,Focus,2008,245470,good,hybrid,automatic,hatchback,0,2,443852.76
BMW,i4,2018,98679,fair,electric,automatic,sedan,0,1,5313488.11
Nissan,Sentra,2014,177178,excellent,gasoline,automatic,sedan,0,1,984696.95
Toyota,RAV4,2016,69448,poor,hybrid,automatic,suv,1,4,1687082.39
Nissan,Leaf,2008,55318,good,electric,automatic,hatchback,0,3,1633239.3
BMW,X5,2007,57888,fair,gasoline,automatic,suv,0,2,2845823.23
Ford,Mustang,2023,15124,excellent,gasoline,manual,coupe,0,2,8745134.14
BMW,i4,2016,89408,excellent,electric,automatic,sedan,0,1,6260359.68
BMW,3 Series,2011,236692,fair,gasoline,automatic,sedan,0,1,1079679.41
Honda,Pilot,2020,98826,good,gasoline,automatic,suv,1,1,4556592.22
Chevrolet,Malibu,2019,26176,good,gasoline,automatic,sedan,0,4,3598531.33
Hyundai,Sonata,2011,265086,fair,hybrid,manual,wagon,0,1,597745.0
Tesla,Model 3,2017,65502,good,electric,automatic,sedan,0,1,5157686.39
Honda,CR-V,2023,24706,fair,diesel,manual,suv,1,4,4406022.47
Hyundai,Sonata,2007,129845,fair,gasoline,automatic,sedan,1,3,539195.37
Honda,Pilot,2021,12856,good,gasoline,automatic,suv,1,2,6302561.67
Chevrolet,Malibu,2013,41773,good,gasoline,manual,wagon,0,1,1998570.68
Nissan,Pathfinder,2014,31424,fair,gasoline,automatic,suv,0,1,3329401.69
Nissan,Rogue,2007,56924,excellent,gasoline,automatic,suv,0,3,1653442.65
Ford,F-150,2025,13708,fair,gasoline,automatic,truck,0,2,9698058.46
Nissan,Sentra,2018,72982,excellent,hybrid,automatic,sedan,0,3,2594489.84
Toyota,Prius,2025,15164,good,hybrid,automatic,hatchback,1,1,6034740.21
Ford,Escape,2008,286444,poor,gasoline,manual,suv,0,3,377101.04
Tesla,Model S,2020,79204,good,electric,automatic,wagon,1,3,8024613.19
Ford,Explorer,2020,65928,good,gasoline,automatic,suv,0,1,5992576.38
Hyundai,Ioniq 5,2023,14420,good,electric,automatic,sedan,1,4,7935925.62
Toyota,Corolla,2018,50767,poor,gasoline,automatic,sedan,0,2,1679171.47
Hyundai,Santa Fe,2005,322324,fair,hybrid,automatic,suv,0,3,554787.19
Ford,F-150,2019,58044,fair,gasoline,automatic,truck,0,1,6069990.97
Honda,Accord,2019,45236,excellent,diesel,automatic,sedan,0,2,4677572.08
BMW,i4,2023,28885,excellent,electric,automatic,sedan,0,3,12950922.72
Hyundai,Santa Fe,2024,16134,good,gasoline,automatic,suv,0,2,9139271.96
Hyundai,Sonata,2013,100847,good,gasoline,automatic,sedan,0,1,1705889.51
Honda,CR-V,2006,315463,good,gasoline,automatic,suv,0,4,620507.08
BMW,X3,2016,156477,excellent,gasoline,automatic,suv,0,1,3323874.88
Chevrolet,Malibu,2017,129437,good,gasoline,automatic,sedan,0,1,1971840.7
Chevrolet,Bolt,2021,35240,good,electric,automatic,hatchback,0,3,5477261.39
Toyota,Prius,2018,51605,fair,hybrid,automatic,hatchback,1,1,2432483.18
Hyundai,Elantra,2013,50531,good,gasoline,automatic,sedan,0,3,1613596.55
BMW,i4,2011,248965,good,electric,automatic,sedan,1,1,1496519.73
Hyundai,Elantra,2005,350000,fair,gasoline,automatic,sedan,0,1,333600.0
Chevrolet,Equinox,2010,125350,good,gasoline,manual,suv,0,1,1147433.36
Toyota,Prius,2018,107564,good,hybrid,automatic,hatchback,1,3,2106727.52
Nissan,Altima,2021,22931,excellent,gasoline,automatic,sedan,0,2,5491927.28
Tesla,Model S,2013,163033,fair,electric,automatic,sedan,0,2,3467305.27
Chevrolet,Malibu,2021,61925,fair,diesel,automatic,sedan,0,3,3197978.16
Hyundai,Ioniq 5,2019,120245,good,electric,automatic,sedan,1,2,3531667.0
Tesla,Model X,2011,148679,fair,electric,automatic,suv,0,4,3194386.58
Chevrolet,Traverse,2021,68756,good,gasoline,automatic,suv,0,1,5484113.97
Toyota,Highlander,2017,49139,good,gasoline,manual,suv,0,3,4148290.7
Chevrolet,Equinox,2020,85717,fair,gasoline,automatic,suv,0,5,2742760.03
Honda,Pilot,2014,143109,good,gasoline,manual,suv,0,2,2135707.03
Ford,Focus,2017,25578,fair,hybrid,automatic,hatchback,0,4,1872650.8
Honda,Fit,2019,102300,good,gasoline,manual,hatchback,0,1,1669833.58
BMW,3 Series,2012,89888,good,gasoline,automatic,sedan,0,3,2535166.11
Honda,Fit,2011,47483,poor,diesel,automatic,hatchback,0,2,727590.35
Chevrolet,Malibu,2014,69597,good,hybrid,automatic,sedan,0,1,2154270.62
BMW,X3,2013,166547,good,gasoline,automatic,suv,0,1,2235857.61
Chevrolet,Traverse,2015,135905,fair,hybrid,automatic,suv,0,3,2221016.29
Toyota,RAV4,2018,77613,good,diesel,automatic,suv,1,1,3107443.55
Toyota,RAV4,2013,63975,good,gasoline,automatic,suv,0,1,2640344.44
Nissan,Sentra,2018,62311,good,gasoline,automatic,sedan,0,2,2215452.39
BMW,i4,2021,25253,good,electric,automatic,sedan,0,2,10882901.07
Tesla,Model X,2020,86320,good,electric,automatic,suv,0,2,13689419.85
Toyota,RAV4,2021,92704,excellent,gasoline,automatic,suv,0,2,4537715.38
Tesla,Model Y,2017,43038,good,electric,automatic,suv,0,1,7505130.49
Hyundai,Santa Fe,2019,108025,good,gasoline,automatic,suv,0,2,4112714.44
Ford,F-150,2007,262095,fair,diesel,automatic,truck,0,2,891198.2
Hyundai,Sonata,2008,162466,good,gasoline,automatic,sedan,0,2,715248.58
Tesla,Model 3,2015,70285,poor,electric,automatic,sedan,0,2,2540464.55
Tesla,Model 3,2014,158172,good,electric,automatic,sedan,1,2,1546511.95
Tesla,Model S,2015,67072,good,electric,automatic,sedan,0,1,8695148.37
Nissan,Rogue,2025,22194,good,hybrid,manual,suv,0,2,8141345.72
Chevrolet,Bolt,2018,84582,good,electric,automatic,hatchback,0,3,3148668.61
BMW,X5,2011,248535,good,gasoline,automatic,suv,0,1,2162641.25
Toyota,RAV4,2013,104234,fair,gasoline,automatic,suv,0,1,1806196.28
Hyundai,Tucson,2005,347887,good,gasoline,automatic,suv,0,1,595458.09
Honda,Fit,2016,31450,fair,gasoline,automatic,hatchback,0,2,1609008.27
Ford,Explorer,2007,72747,good,hybrid,automatic,suv,0,1,2166264.15
Toyota,Corolla,2021,71260,poor,gasoline,automatic,sedan,0,2,2046594.91
Ford,Mustang,2019,101054,fair,gasoline,automatic,coupe,0,2,3606815.96
Honda,Accord,2008,228954,poor,gasoline,automatic,wagon,0,1,394371.83
BMW,i4,2020,13628,good,electric,automatic,sedan,0,1,10708327.9
Ford,Focus,2015,69509,fair,gasoline,automatic,hatchback,0,2,1338366.19
Nissan,Pathfinder,2016,115385,good,gasoline,automatic,suv,0,1,3409069.44
Honda,Pilot,2018,60613,poor,diesel,automatic,suv,0,2,3293401.39
Nissan,Pathfinder,2019,57125,poor,gasoline,automatic,suv,0,3,2813455.72
Tesla,Model 3,2014,218012,good,electric,automatic,sedan,0,1,1816010.35
BMW,X5,2009,223830,fair,gasoline,manual,suv,0,2,1337356.98
Tesla,Model Y,2010,115107,excellent,electric,automatic,suv,1,1,2532451.85
Toyota,RAV4,2021,21902,good,gasoline,automatic,suv,0,2,6140409.21
Ford,F-150,2011,251831,excellent,gasoline,manual,truck,1,4,1118199.76
Hyundai,Elantra,2021,43094,good,gasoline,automatic,sedan,0,1,3633685.14
Chevrolet,Traverse,2016,109676,good,diesel,automatic,suv,1,1,2597384.35
BMW,X5,2009,154722,fair,gasoline,automatic,suv,0,3,1839194.26
Toyota,Prius,2014,192324,good,hybrid,automatic,hatchback,0,1,1010895.9
Nissan,Sentra,2024,11046,excellent,gasoline,automatic,sedan,0,2,5652731.24
Hyundai,Tucson,2011,39383,fair,gasoline,automatic,suv,0,1,1875307.87
BMW,i4,2005,153591,fair,electric,automatic,sedan,0,3,1090704.37
Toyota,Camry,2020,50625,good,gasoline,manual,sedan,0,1,3984856.58
Ford,Focus,2014,47425,fair,hybrid,automatic,hatchback,1,1,1195114.74
Tesla,Model X,2010,130243,poor,electric,automatic,suv,1,3,1899507.91
Hyundai,Ioniq 5,2008,322373,excellent,electric,automatic,sedan,0,3,1249519.57
Ford,Mustang,2022,55303,good,gasoline,automatic,coupe,0,4,6142836.94
BMW,X5,2007,317669,good,hybrid,automatic,suv,0,1,1502127.57
Hyundai,Sonata,2014,123858,fair,gasoline,automatic,sedan,0,1,1342046.48
Honda,Fit,2025,15674,fair,gasoline,automatic,hatchback,0,1,4114436.79
Ford,Escape,2006,229600,fair,gasoline,automatic,suv,0,1,513561.3
Chevrolet,Bolt,2021,42043,good,electric,automatic,hatchback,1,5,3187944.23
BMW,i4,2013,132181,good,electric,automatic,sedan,1,1,2663185.93
Honda,Civic,2024,33490,fair,gasoline,automatic,wagon,0,1,4414124.1
Nissan,Leaf,2018,53705,good,electric,automatic,hatchback,0,3,3522064.4
Tesla,Model Y,2008,203900,excellent,electric,automatic,suv,1,1,1155034.59
Toyota,Corolla,2005,283432,excellent,gasoline,automatic,sedan,1,4,333600.0
Ford,Mustang,2007,95798,fair,gasoline,automatic,coupe,0,1,1397284.55
Nissan,Pathfinder,2019,94823,good,gasoline,manual,suv,1,1,3480327.69
Hyundai,Santa Fe,2015,151787,excellent,gasoline,automatic,suv,0,1,2374930.2
Chevrolet,Silverado,2006,325499,fair,hybrid,automatic,truck,0,1,901321.32
Chevrolet,Silverado,2013,173650,fair,gasoline,automatic,truck,0,1,1949791.28
Honda,Accord,2021,58811,good,gasoline,manual,sedan,0,3,3115284.97
Chevrolet,Malibu,2009,76917,fair,gasoline,automatic,sedan,0,4,927805.47
Chevrolet,Equinox,2007,133064,good,hybrid,automatic,suv,0,3,908333.25
BMW,X3,2014,166721,excellent,gasoline,automatic,suv,0,3,2625228.23
Nissan,Leaf,2007,162336,good,electric,automatic,hatchback,0,3,781770.9
Tesla,Model 3,2023,28067,good,electric,automatic,sedan,1,3,7193095.95
Toyota,Corolla,2020,44127,poor,gasoline,automatic,sedan,0,3,1958441.94
Ford,F-150,2022,36091,fair,gasoline,automatic,truck,0,2,7684817.95
Chevrolet,Bolt,2005,304340,good,electric,automatic,hatchback,0,4,518733.65
Chevrolet,Bolt,2018,87657,fair,electric,automatic,hatchback,0,3,2936564.97
BMW,i4,2015,142860,good,electric,automatic,wagon,0,2,3723867.47
BMW,X3,2024,33667,fair,gasoline,automatic,suv,0,3,9661980.33
Honda,Fit,2005,122025,good,gasoline,automatic,hatchback,1,1,409484.56
Tesla,Model S,2010,182212,good,electric,automatic,sedan,0,1,2772824.84
Ford,Escape,2006,120989,poor,gasoline,automatic,suv,1,1,515294.4
BMW,3 Series,2016,58245,poor,gasoline,automatic,sedan,0,3,2204366.52
